fault_type,priority,distance_km,hour_of_day,is_weekend,historical_fault_count,resolution_minutes
DONANIM,YUKSEK,11.51,14,0,1,183.0
ISINMA,YUKSEK,15.3,17,0,4,112.4
DONANIM,ORTA,3.77,3,1,2,221.6
GUC_KESINTISI,YUKSEK,0.4,1,1,0,222.2
ISINMA,ORTA,8.39,1,1,1,128.8
BAGLANTI,YUKSEK,8.73,14,1,2,84.7
GUC_KESINTISI,YUKSEK,0.58,17,0,0,90.8
BAGLANTI,ORTA,0.34,13,0,0,82.4
BAGLANTI,KRITIK,6.13,14,0,0,139.9
DONANIM,DUSUK,18.73,10,1,1,171.3
YAZILIM,YUKSEK,0.3,22,1,3,51.0
ISINMA,YUKSEK,7.22,13,0,0,147.3
BELIRSIZ,ORTA,0.42,7,0,0,130.6
GUC_KESINTISI,KRITIK,5.57,3,1,1,134.8
ISINMA,DUSUK,24.15,18,0,0,139.3
GUC_KESINTISI,KRITIK,7.79,6,0,0,94.2
ISINMA,ORTA,9.44,6,1,0,109.6
BELIRSIZ,DUSUK,5.26,10,1,0,135.7
BELIRSIZ,ORTA,10.26,14,0,4,88.8
ISINMA,ORTA,10.29,16,0,0,60.7
BELIRSIZ,KRITIK,0.92,20,0,3,75.5
GUC_KESINTISI,YUKSEK,10.48,16,1,0,204.3
BELIRSIZ,ORTA,1.2,10,0,1,135.8
GUC_KESINTISI,KRITIK,4.97,11,0,1,53.5
BELIRSIZ,KRITIK,1.6,4,0,0,157.4
GUC_KESINTISI,KRITIK,5.54,16,1,0,155.0
ISINMA,YUKSEK,0.87,13,0,2,91.4
YAZILIM,ORTA,7.99,17,0,1,70.6
YAZILIM,ORTA,0.63,3,0,0,52.3
GUC_KESINTISI,YUKSEK,0.69,10,0,0,58.9
DONANIM,ORTA,1.84,3,0,0,161.4
ISINMA,YUKSEK,0.35,12,1,0,84.3
ISINMA,ORTA,13.21,21,0,0,144.8
YAZILIM,DUSUK,4.23,20,0,1,53.7
BELIRSIZ,DUSUK,5.31,0,0,2,204.2
GUC_KESINTISI,ORTA,0.95,14,1,0,173.2
ISINMA,YUKSEK,5.49,0,1,1,115.4
ISINMA,ORTA,8.53,13,1,0,96.1
ISINMA,DUSUK,3.54,18,0,0,86.2
BELIRSIZ,ORTA,0.3,0,1,1,150.1
BAGLANTI,KRITIK,22.42,12,0,0,115.0
BELIRSIZ,YUKSEK,1.06,10,0,1,155.8
DONANIM,YUKSEK,4.54,5,1,1,208.4
BAGLANTI,YUKSEK,12.75,19,0,1,76.8
BELIRSIZ,ORTA,14.21,12,0,2,247.1
BELIRSIZ,ORTA,7.82,10,1,1,165.8
GUC_KESINTISI,YUKSEK,2.89,23,0,1,99.2
DONANIM,ORTA,10.96,8,1,0,161.8
BAGLANTI,YUKSEK,4.66,16,0,3,99.4
ISINMA,ORTA,3.56,2,0,1,119.0
YAZILIM,ORTA,11.31,4,1,1,68.2
ISINMA,ORTA,35.73,18,0,8,126.0
BAGLANTI,ORTA,9.56,0,1,0,218.7
YAZILIM,DUSUK,0.3,10,0,1,64.8
BAGLANTI,YUKSEK,2.18,7,0,0,96.3
YAZILIM,ORTA,1.06,1,1,6,81.9
ISINMA,YUKSEK,15.39,1,0,2,184.7
ISINMA,YUKSEK,3.43,16,1,2,105.6
GUC_KESINTISI,YUKSEK,18.62,23,0,1,74.2
DONANIM,YUKSEK,2.99,11,0,1,131.1
BELIRSIZ,ORTA,0.38,3,0,0,103.2
ISINMA,ORTA,0.73,11,0,0,55.1
GUC_KESINTISI,YUKSEK,1.55,17,1,1,122.5
DONANIM,DUSUK,8.73,17,0,2,257.6
YAZILIM,DUSUK,16.19,18,0,6,101.0
BAGLANTI,ORTA,3.73,14,0,1,59.9
GUC_KESINTISI,YUKSEK,6.42,0,1,0,224.1
YAZILIM,ORTA,25.49,4,0,1,71.1
DONANIM,YUKSEK,19.81,8,0,1,166.1
DONANIM,YUKSEK,13.95,0,0,1,284.9
BELIRSIZ,DUSUK,10.74,6,0,0,149.0
ISINMA,YUKSEK,3.27,8,1,1,191.1
YAZILIM,DUSUK,7.49,1,0,4,109.0
ISINMA,KRITIK,4.99,10,1,2,55.2
BELIRSIZ,ORTA,6.68,18,0,1,229.3
BELIRSIZ,KRITIK,0.3,23,0,4,207.5
GUC_KESINTISI,ORTA,2.09,3,0,0,97.0
GUC_KESINTISI,DUSUK,2.57,7,0,0,210.3
GUC_KESINTISI,ORTA,3.03,18,1,2,141.0
DONANIM,ORTA,10.11,9,0,0,149.9
BAGLANTI,YUKSEK,4.56,19,1,1,33.3
BAGLANTI,ORTA,10.96,12,0,1,107.4
ISINMA,ORTA,6.86,18,1,0,103.8
BAGLANTI,ORTA,1.99,2,0,2,85.8
DONANIM,DUSUK,5.32,12,1,4,211.0
BELIRSIZ,DUSUK,14.58,1,1,0,119.2
BAGLANTI,ORTA,10.04,5,0,1,117.0
ISINMA,YUKSEK,1.75,9,1,1,93.4
DONANIM,ORTA,12.78,14,1,1,179.6
DONANIM,ORTA,12.83,3,1,1,300.8
BAGLANTI,YUKSEK,4.3,7,0,1,97.9
ISINMA,YUKSEK,3.78,11,1,4,147.7
BAGLANTI,YUKSEK,0.92,15,0,0,104.3
DONANIM,ORTA,7.06,1,0,1,301.4
GUC_KESINTISI,YUKSEK,6.7,20,0,1,81.6
GUC_KESINTISI,YUKSEK,0.3,13,0,2,219.0
ISINMA,KRITIK,11.7,17,0,1,89.0
GUC_KESINTISI,KRITIK,7.15,2,1,2,136.8
BAGLANTI,ORTA,2.78,13,0,0,83.0
BELIRSIZ,ORTA,6.92,10,0,2,103.9
BAGLANTI,KRITIK,2.2,17,0,0,53.2
YAZILIM,DUSUK,5.75,3,0,1,89.4
GUC_KESINTISI,KRITIK,10.73,14,0,0,103.2
YAZILIM,ORTA,1.16,7,0,1,37.7
YAZILIM,ORTA,5.28,2,1,1,54.4
DONANIM,DUSUK,3.2,3,1,1,239.1
DONANIM,ORTA,10.76,14,0,1,170.5
DONANIM,KRITIK,9.05,20,0,1,211.0
DONANIM,KRITIK,1.22,0,0,1,159.4
DONANIM,ORTA,9.47,4,0,0,254.5
YAZILIM,ORTA,10.14,16,1,1,81.7
BELIRSIZ,ORTA,12.16,1,0,0,255.3
GUC_KESINTISI,DUSUK,0.66,7,0,1,90.4
GUC_KESINTISI,ORTA,21.35,14,0,1,111.2
BELIRSIZ,DUSUK,31.37,16,1,2,243.3
YAZILIM,ORTA,13.21,11,0,3,47.8
DONANIM,YUKSEK,12.25,14,1,2,204.1
BELIRSIZ,ORTA,11.53,5,1,0,140.7
BELIRSIZ,YUKSEK,2.94,12,0,2,118.3
GUC_KESINTISI,ORTA,1.86,2,0,2,112.4
BAGLANTI,YUKSEK,1.95,4,0,1,50.1
DONANIM,ORTA,5.91,10,0,1,256.4
ISINMA,YUKSEK,13.1,16,0,1,158.1
BELIRSIZ,ORTA,1.73,20,0,1,118.6
GUC_KESINTISI,KRITIK,4.91,9,0,2,111.9
BELIRSIZ,ORTA,7.0,6,0,1,152.2
GUC_KESINTISI,KRITIK,9.36,1,0,0,53.9
YAZILIM,DUSUK,0.3,7,0,2,49.3
GUC_KESINTISI,KRITIK,7.81,15,1,0,127.6
BAGLANTI,ORTA,17.72,17,0,3,200.5
GUC_KESINTISI,KRITIK,11.19,7,0,0,172.2
GUC_KESINTISI,YUKSEK,16.97,12,0,2,138.2
DONANIM,ORTA,1.73,9,1,1,158.0
ISINMA,ORTA,3.78,13,0,0,59.4
ISINMA,ORTA,5.57,0,0,3,91.5
BELIRSIZ,ORTA,7.44,10,0,1,94.3
YAZILIM,ORTA,19.66,15,0,1,74.2
ISINMA,DUSUK,26.26,8,0,3,57.8
BAGLANTI,YUKSEK,3.34,19,1,0,39.5
DONANIM,ORTA,3.9,4,0,2,216.5
BELIRSIZ,DUSUK,2.73,22,1,3,157.0
YAZILIM,YUKSEK,2.56,14,1,6,53.5
BAGLANTI,ORTA,9.62,4,0,2,114.4
DONANIM,ORTA,4.02,15,0,1,124.7
YAZILIM,YUKSEK,2.62,13,0,2,73.3
GUC_KESINTISI,YUKSEK,7.81,16,0,2,88.4
DONANIM,YUKSEK,3.49,18,1,1,269.5
GUC_KESINTISI,ORTA,5.09,15,1,2,125.3
GUC_KESINTISI,YUKSEK,11.89,2,0,2,216.4
DONANIM,ORTA,18.74,10,0,2,134.0
ISINMA,ORTA,1.05,0,0,3,128.6
BAGLANTI,YUKSEK,3.03,13,0,0,52.4
ISINMA,ORTA,6.78,8,0,2,152.2
BAGLANTI,DUSUK,6.12,1,1,2,150.8
BELIRSIZ,ORTA,16.58,23,0,1,123.7
BELIRSIZ,DUSUK,24.28,9,0,4,171.6
YAZILIM,DUSUK,2.11,22,0,2,93.1
GUC_KESINTISI,ORTA,15.5,18,0,1,116.5
GUC_KESINTISI,YUKSEK,16.43,18,0,1,99.1
GUC_KESINTISI,YUKSEK,1.24,10,0,2,96.9
GUC_KESINTISI,YUKSEK,2.33,1,1,0,97.6
DONANIM,ORTA,1.01,7,0,0,158.2
GUC_KESINTISI,YUKSEK,8.59,21,0,1,148.3
GUC_KESINTISI,YUKSEK,4.36,1,0,0,139.3
BAGLANTI,YUKSEK,7.11,12,0,2,34.1
BELIRSIZ,ORTA,9.5,22,0,0,158.2
DONANIM,ORTA,1.97,4,0,2,196.4
YAZILIM,YUKSEK,5.84,14,0,0,63.0
BAGLANTI,ORTA,0.3,18,0,1,63.1
BELIRSIZ,ORTA,0.5,9,0,1,161.0
ISINMA,YUKSEK,0.3,14,1,1,178.4
GUC_KESINTISI,YUKSEK,4.29,2,0,0,133.2
YAZILIM,ORTA,3.62,18,0,3,60.7
YAZILIM,DUSUK,14.03,22,0,0,82.8
BELIRSIZ,DUSUK,12.42,16,0,0,125.4
BAGLANTI,ORTA,7.34,11,0,2,116.7
DONANIM,ORTA,0.33,4,0,0,220.3
GUC_KESINTISI,KRITIK,0.85,23,0,1,106.1
YAZILIM,ORTA,19.78,8,0,3,63.8
BELIRSIZ,YUKSEK,5.13,19,1,1,126.7
YAZILIM,YUKSEK,0.84,20,0,3,104.7
BAGLANTI,ORTA,8.17,20,0,1,69.0
ISINMA,ORTA,14.89,0,1,0,102.5
BELIRSIZ,YUKSEK,2.86,4,0,3,218.1
YAZILIM,KRITIK,4.72,18,0,0,34.7
GUC_KESINTISI,YUKSEK,9.45,16,0,1,175.4
BAGLANTI,YUKSEK,6.7,13,0,2,186.2
ISINMA,YUKSEK,9.04,10,0,0,83.6
BAGLANTI,ORTA,6.74,2,1,1,84.8
ISINMA,KRITIK,8.3,1,0,2,111.8
BAGLANTI,KRITIK,1.14,15,0,1,153.3
ISINMA,YUKSEK,3.1,19,0,0,68.4
GUC_KESINTISI,YUKSEK,0.45,15,0,1,81.6
DONANIM,YUKSEK,1.67,23,0,0,126.3
YAZILIM,ORTA,2.35,22,0,1,48.9
BAGLANTI,KRITIK,18.16,20,1,2,67.1
DONANIM,ORTA,13.15,13,0,1,138.1
YAZILIM,ORTA,4.46,12,1,1,55.1
BAGLANTI,ORTA,2.92,15,0,0,86.3
YAZILIM,YUKSEK,1.49,1,0,6,77.0
YAZILIM,DUSUK,1.01,5,0,1,50.2
DONANIM,YUKSEK,0.87,3,0,1,196.1
DONANIM,YUKSEK,11.27,7,0,1,208.6
GUC_KESINTISI,YUKSEK,14.77,2,1,2,165.0
DONANIM,ORTA,2.38,20,0,1,116.5
YAZILIM,ORTA,5.96,12,0,1,45.7
BAGLANTI,YUKSEK,11.14,12,0,0,38.8
BAGLANTI,YUKSEK,27.91,3,0,1,102.0
ISINMA,YUKSEK,0.4,11,0,0,141.8
GUC_KESINTISI,DUSUK,2.71,10,1,1,116.4
ISINMA,KRITIK,10.56,5,0,3,107.2
BAGLANTI,YUKSEK,2.88,20,1,1,90.1
BAGLANTI,YUKSEK,1.78,13,0,0,149.7
BELIRSIZ,DUSUK,9.22,17,1,1,190.5
BELIRSIZ,ORTA,0.3,21,0,3,178.4
BELIRSIZ,ORTA,16.19,15,0,1,186.8
BAGLANTI,YUKSEK,0.35,6,0,1,66.5
DONANIM,ORTA,0.8,1,0,6,201.7
BELIRSIZ,ORTA,5.49,14,0,0,91.3
BELIRSIZ,DUSUK,6.29,12,1,5,213.1
BAGLANTI,YUKSEK,17.28,1,1,0,116.6
DONANIM,DUSUK,26.13,18,0,3,165.6
ISINMA,YUKSEK,0.85,22,1,4,93.1
BELIRSIZ,YUKSEK,4.18,20,0,0,75.9
YAZILIM,YUKSEK,6.6,11,0,0,73.7
BAGLANTI,ORTA,5.7,7,1,3,83.8
DONANIM,ORTA,3.07,9,1,2,124.4
GUC_KESINTISI,YUKSEK,9.97,20,0,1,95.8
BAGLANTI,ORTA,13.94,16,1,1,150.2
BELIRSIZ,ORTA,0.3,18,0,3,182.4
YAZILIM,ORTA,0.6,13,0,1,60.7
BELIRSIZ,ORTA,0.3,1,0,2,159.7
BELIRSIZ,DUSUK,11.34,21,0,1,164.1
BAGLANTI,DUSUK,3.51,16,0,1,84.6
BELIRSIZ,KRITIK,8.01,7,0,1,136.8
BAGLANTI,YUKSEK,3.07,12,1,1,57.3
DONANIM,YUKSEK,2.04,20,0,1,180.5
DONANIM,ORTA,0.47,17,0,1,224.8
DONANIM,YUKSEK,4.86,6,0,2,210.4
BELIRSIZ,ORTA,6.95,13,0,1,233.8
BAGLANTI,YUKSEK,10.17,5,0,3,133.2
YAZILIM,ORTA,12.53,13,0,1,60.6
GUC_KESINTISI,ORTA,13.53,16,0,5,134.8
GUC_KESINTISI,YUKSEK,29.38,8,0,3,116.9
DONANIM,ORTA,1.31,17,1,2,269.6
GUC_KESINTISI,ORTA,10.42,11,0,1,187.8
BELIRSIZ,YUKSEK,3.71,19,1,4,170.8
GUC_KESINTISI,ORTA,5.47,7,1,1,117.2
DONANIM,YUKSEK,4.7,5,1,2,139.2
BAGLANTI,YUKSEK,6.45,21,0,1,55.8
YAZILIM,KRITIK,1.63,20,0,0,37.3
BELIRSIZ,KRITIK,31.21,7,1,4,134.5
BAGLANTI,KRITIK,14.21,5,0,0,54.1
GUC_KESINTISI,KRITIK,6.72,16,1,1,75.3
ISINMA,KRITIK,0.71,5,0,2,37.0
ISINMA,KRITIK,0.38,19,0,1,129.9
BAGLANTI,ORTA,0.59,5,0,1,54.1
YAZILIM,YUKSEK,3.12,4,1,2,89.1
ISINMA,ORTA,0.43,13,0,2,102.8
DONANIM,ORTA,7.22,16,0,1,151.5
YAZILIM,ORTA,22.39,15,0,4,175.6
GUC_KESINTISI,KRITIK,15.62,6,0,1,66.9
BELIRSIZ,YUKSEK,7.57,9,0,2,233.3
ISINMA,ORTA,0.57,18,0,0,133.5
BAGLANTI,YUKSEK,6.74,22,0,2,91.3
BAGLANTI,YUKSEK,6.86,13,1,0,74.8
BAGLANTI,KRITIK,28.66,3,1,1,76.9
DONANIM,YUKSEK,11.36,16,1,1,130.6
BELIRSIZ,DUSUK,0.73,5,0,1,121.9
BAGLANTI,YUKSEK,0.7,20,0,1,109.1
YAZILIM,ORTA,5.86,23,0,0,146.5
YAZILIM,ORTA,19.61,21,1,1,65.1
ISINMA,ORTA,10.49,6,0,0,80.4
YAZILIM,YUKSEK,9.08,21,1,1,81.7
BAGLANTI,KRITIK,13.83,10,0,3,69.7
BELIRSIZ,ORTA,21.49,23,0,0,167.1
DONANIM,YUKSEK,9.84,3,0,2,168.4
ISINMA,ORTA,3.96,11,0,0,80.7
BELIRSIZ,ORTA,2.36,17,0,1,147.0
BAGLANTI,ORTA,13.38,11,0,0,112.1
ISINMA,YUKSEK,0.3,8,0,0,138.7
YAZILIM,DUSUK,20.93,23,0,0,85.3
GUC_KESINTISI,YUKSEK,6.85,14,0,1,145.4
BAGLANTI,KRITIK,5.3,11,0,1,65.0
DONANIM,DUSUK,13.98,11,0,0,183.7
DONANIM,YUKSEK,7.12,22,1,4,207.6
GUC_KESINTISI,KRITIK,7.84,12,0,1,71.7
YAZILIM,DUSUK,8.28,1,0,0,51.3
BELIRSIZ,ORTA,6.39,12,0,3,141.1
ISINMA,YUKSEK,8.74,16,0,1,126.8
BAGLANTI,ORTA,11.04,22,0,0,100.9
DONANIM,DUSUK,3.26,22,0,0,187.7
BAGLANTI,ORTA,3.06,12,0,1,31.9
BAGLANTI,KRITIK,45.0,12,0,2,81.3
BAGLANTI,DUSUK,9.8,9,1,2,97.4
GUC_KESINTISI,KRITIK,4.6,14,1,1,130.9
YAZILIM,ORTA,6.45,8,0,0,53.1
DONANIM,ORTA,7.49,22,0,3,195.3
YAZILIM,KRITIK,4.29,4,0,3,21.7
GUC_KESINTISI,KRITIK,11.01,4,0,2,145.6
BELIRSIZ,ORTA,12.72,9,0,2,84.8
ISINMA,DUSUK,6.47,21,0,0,95.6
GUC_KESINTISI,KRITIK,20.07,15,0,1,47.5
BAGLANTI,ORTA,2.35,17,0,3,110.6
YAZILIM,KRITIK,7.1,7,1,2,57.2
BELIRSIZ,DUSUK,9.23,4,0,0,204.2
GUC_KESINTISI,KRITIK,5.51,12,1,2,44.9
BELIRSIZ,YUKSEK,0.89,23,0,1,110.2
GUC_KESINTISI,YUKSEK,0.87,12,1,0,79.3
GUC_KESINTISI,YUKSEK,7.14,3,1,2,185.3
BAGLANTI,ORTA,13.71,17,1,1,97.8
DONANIM,ORTA,21.53,9,1,0,249.1
DONANIM,YUKSEK,30.95,2,0,2,267.4
YAZILIM,DUSUK,0.3,13,0,1,49.1
ISINMA,ORTA,2.44,22,0,3,74.7
BAGLANTI,YUKSEK,11.09,13,0,0,78.5
BELIRSIZ,ORTA,2.77,5,0,0,187.1
GUC_KESINTISI,YUKSEK,5.81,19,0,1,26.6
BELIRSIZ,ORTA,1.55,17,1,0,59.7
ISINMA,KRITIK,7.18,17,0,0,70.0
DONANIM,YUKSEK,2.24,10,0,1,171.7
GUC_KESINTISI,YUKSEK,11.09,20,0,3,100.3
DONANIM,ORTA,9.07,1,0,1,144.2
ISINMA,ORTA,1.5,21,1,4,181.6
DONANIM,ORTA,0.3,22,0,0,243.7
ISINMA,YUKSEK,9.39,22,0,2,79.4
DONANIM,ORTA,8.6,19,0,1,143.5
GUC_KESINTISI,ORTA,1.13,3,1,0,174.1
BELIRSIZ,ORTA,10.83,2,0,1,89.5
BELIRSIZ,YUKSEK,21.66,10,0,0,95.5
ISINMA,ORTA,0.68,1,0,1,73.5
GUC_KESINTISI,DUSUK,17.72,10,1,2,136.0
ISINMA,ORTA,8.79,21,1,1,147.0
YAZILIM,YUKSEK,39.76,11,0,0,42.2
BELIRSIZ,DUSUK,0.67,21,0,0,193.3
YAZILIM,KRITIK,10.04,16,0,2,45.5
BELIRSIZ,ORTA,2.61,8,1,1,93.2
GUC_KESINTISI,YUKSEK,2.36,15,0,0,129.1
BELIRSIZ,DUSUK,16.04,6,0,0,206.6
BAGLANTI,DUSUK,11.98,1,1,0,142.0
DONANIM,ORTA,13.16,0,1,1,194.6
YAZILIM,YUKSEK,2.08,10,0,2,68.4
GUC_KESINTISI,ORTA,15.34,19,0,3,129.1
YAZILIM,ORTA,13.64,19,0,0,52.0
ISINMA,YUKSEK,30.91,3,0,0,112.2
YAZILIM,DUSUK,0.3,12,1,0,70.9
YAZILIM,ORTA,4.31,3,1,1,62.4
BELIRSIZ,ORTA,5.15,5,0,0,122.3
BELIRSIZ,ORTA,25.83,12,0,0,120.3
ISINMA,ORTA,5.84,14,1,2,101.9
ISINMA,YUKSEK,9.51,14,0,1,52.1
BAGLANTI,ORTA,8.18,4,0,1,82.9
GUC_KESINTISI,ORTA,14.87,0,1,4,122.6
ISINMA,ORTA,5.3,22,0,1,140.5
GUC_KESINTISI,KRITIK,22.64,19,0,0,58.0
BELIRSIZ,DUSUK,24.01,1,0,1,110.1
BAGLANTI,YUKSEK,3.24,14,0,0,73.5
ISINMA,YUKSEK,7.9,23,0,0,178.7
DONANIM,KRITIK,15.2,20,1,2,191.7
DONANIM,ORTA,9.65,8,0,0,211.3
BAGLANTI,ORTA,0.3,3,0,0,52.8
YAZILIM,DUSUK,1.0,15,0,0,71.5
GUC_KESINTISI,YUKSEK,6.96,22,1,1,118.4
DONANIM,ORTA,8.55,16,1,1,150.0
DONANIM,YUKSEK,10.17,19,0,0,141.1
DONANIM,DUSUK,0.3,17,1,1,247.9
ISINMA,DUSUK,2.36,17,0,1,64.2
ISINMA,ORTA,0.83,20,1,1,80.7
YAZILIM,KRITIK,4.58,8,0,1,38.1
BAGLANTI,KRITIK,13.06,18,0,1,183.1
BELIRSIZ,ORTA,24.52,23,1,2,156.6
DONANIM,ORTA,3.27,16,0,0,184.8
BAGLANTI,YUKSEK,8.83,7,1,1,123.4
ISINMA,YUKSEK,7.33,20,1,0,103.0
DONANIM,ORTA,0.42,1,1,0,235.7
GUC_KESINTISI,KRITIK,15.14,10,0,0,209.5
DONANIM,ORTA,32.49,14,0,2,86.5
BAGLANTI,YUKSEK,0.73,12,0,2,75.1
YAZILIM,ORTA,10.07,13,0,5,80.5
BELIRSIZ,DUSUK,11.91,14,0,1,150.8
BELIRSIZ,ORTA,6.2,4,0,2,158.5
BAGLANTI,YUKSEK,5.52,17,0,4,94.6
GUC_KESINTISI,YUKSEK,1.41,13,0,0,198.7
YAZILIM,DUSUK,2.89,18,0,1,79.1
BAGLANTI,ORTA,2.07,22,0,1,36.2
BAGLANTI,ORTA,9.38,22,0,0,94.2
BELIRSIZ,ORTA,3.59,16,1,0,113.9
ISINMA,DUSUK,4.8,21,0,0,148.8
GUC_KESINTISI,YUKSEK,6.77,0,1,1,86.4
GUC_KESINTISI,YUKSEK,1.87,16,0,2,115.3
BELIRSIZ,ORTA,5.74,20,0,1,130.9
DONANIM,YUKSEK,1.36,5,0,1,210.4
ISINMA,YUKSEK,12.82,11,0,4,40.7
ISINMA,YUKSEK,0.92,19,1,0,151.8
GUC_KESINTISI,DUSUK,8.37,16,0,0,123.0
YAZILIM,KRITIK,6.38,6,0,2,27.1
BELIRSIZ,ORTA,13.34,23,1,1,103.2
DONANIM,ORTA,1.45,12,1,1,201.8
GUC_KESINTISI,YUKSEK,2.78,3,0,1,91.7
BELIRSIZ,ORTA,37.88,23,0,2,159.8
ISINMA,ORTA,0.63,5,1,3,117.8
BAGLANTI,YUKSEK,2.27,5,1,1,88.3
BELIRSIZ,ORTA,6.45,2,0,0,258.2
ISINMA,DUSUK,2.56,11,0,1,131.2
ISINMA,YUKSEK,7.44,20,0,1,81.8
GUC_KESINTISI,YUKSEK,9.85,22,1,1,109.0
ISINMA,ORTA,31.6,2,1,0,89.1
DONANIM,YUKSEK,2.07,4,1,0,232.5
BAGLANTI,DUSUK,0.3,22,1,1,152.7
GUC_KESINTISI,YUKSEK,0.3,21,0,1,100.8
GUC_KESINTISI,YUKSEK,6.46,1,0,0,120.5
GUC_KESINTISI,KRITIK,0.64,12,0,1,53.1
YAZILIM,KRITIK,13.74,10,0,3,69.4
BAGLANTI,YUKSEK,14.78,11,0,0,72.7
YAZILIM,YUKSEK,11.8,8,1,1,102.2
BAGLANTI,YUKSEK,8.76,2,0,1,90.2
BELIRSIZ,DUSUK,0.35,11,1,1,182.3
BELIRSIZ,ORTA,6.97,15,0,0,124.6
BAGLANTI,ORTA,9.17,7,1,1,126.1
BAGLANTI,YUKSEK,4.61,4,0,0,89.2
BELIRSIZ,YUKSEK,10.68,11,0,1,161.4
GUC_KESINTISI,KRITIK,3.41,1,0,0,86.7
GUC_KESINTISI,YUKSEK,2.16,8,0,1,130.9
DONANIM,DUSUK,15.39,23,0,0,179.6
ISINMA,ORTA,5.93,19,0,1,98.5
YAZILIM,YUKSEK,26.52,10,0,0,51.8
BELIRSIZ,ORTA,1.23,10,0,0,223.6
DONANIM,YUKSEK,6.73,0,1,1,199.3
GUC_KESINTISI,DUSUK,4.1,1,0,2,123.7
BAGLANTI,ORTA,25.15,1,1,1,151.7
ISINMA,ORTA,3.43,5,0,0,78.0
ISINMA,YUKSEK,4.21,2,0,1,124.8
YAZILIM,ORTA,6.84,21,0,0,40.8
YAZILIM,ORTA,6.17,10,1,0,78.9
YAZILIM,YUKSEK,2.83,21,0,1,63.7
BAGLANTI,YUKSEK,21.35,15,0,2,111.2
BELIRSIZ,YUKSEK,2.21,19,0,3,148.7
BAGLANTI,ORTA,0.3,21,0,0,72.8
ISINMA,ORTA,26.76,19,1,1,113.1
BAGLANTI,KRITIK,11.7,3,1,0,143.3
GUC_KESINTISI,KRITIK,5.61,23,0,1,256.8
YAZILIM,YUKSEK,5.06,20,0,1,27.2
GUC_KESINTISI,YUKSEK,7.8,17,0,1,237.1
BAGLANTI,ORTA,4.56,2,0,0,145.5
ISINMA,DUSUK,2.99,19,0,2,98.8
BELIRSIZ,ORTA,11.0,21,1,3,107.3
GUC_KESINTISI,DUSUK,4.6,0,0,0,158.2
GUC_KESINTISI,YUKSEK,7.55,13,0,4,213.4
ISINMA,ORTA,2.42,19,1,0,95.5
ISINMA,KRITIK,6.72,12,1,6,124.0
BAGLANTI,ORTA,0.51,20,0,3,45.3
BAGLANTI,KRITIK,0.4,11,1,0,74.5
ISINMA,ORTA,3.68,9,0,0,94.0
ISINMA,DUSUK,0.3,13,0,1,106.1
BAGLANTI,YUKSEK,14.68,7,0,0,64.6
YAZILIM,YUKSEK,26.74,0,0,1,58.6
BELIRSIZ,ORTA,1.74,22,0,2,246.4
GUC_KESINTISI,YUKSEK,15.34,13,1,1,61.6
BELIRSIZ,ORTA,8.62,0,1,0,37.3
GUC_KESINTISI,YUKSEK,21.77,11,0,0,97.9
BELIRSIZ,ORTA,10.24,11,0,0,131.6
BELIRSIZ,ORTA,0.3,16,0,1,137.4
ISINMA,YUKSEK,9.41,23,0,1,53.4
BAGLANTI,ORTA,45.0,4,1,0,58.3
DONANIM,ORTA,2.7,14,1,4,127.3
BAGLANTI,ORTA,3.07,21,0,1,165.9
BELIRSIZ,ORTA,8.04,12,0,0,34.8
YAZILIM,ORTA,2.12,18,0,3,96.9
YAZILIM,DUSUK,0.68,13,0,1,27.4
ISINMA,YUKSEK,1.05,20,0,0,88.5
GUC_KESINTISI,KRITIK,0.49,18,0,0,135.6
DONANIM,YUKSEK,8.29,18,0,1,140.7
ISINMA,ORTA,20.13,17,1,1,185.5
GUC_KESINTISI,YUKSEK,11.94,3,0,0,110.8
DONANIM,ORTA,5.68,17,1,1,202.6
GUC_KESINTISI,DUSUK,3.66,16,1,2,149.8
BAGLANTI,ORTA,15.05,15,1,0,67.8
ISINMA,YUKSEK,6.31,10,0,0,100.5
BAGLANTI,ORTA,6.17,9,0,3,146.0
DONANIM,ORTA,0.45,5,1,1,297.5
DONANIM,YUKSEK,32.1,17,0,0,228.9
GUC_KESINTISI,ORTA,0.52,19,0,0,176.8
BELIRSIZ,YUKSEK,5.13,4,0,3,164.4
DONANIM,ORTA,17.27,4,1,1,200.8
BAGLANTI,YUKSEK,1.75,2,1,0,159.6
BELIRSIZ,DUSUK,2.98,4,0,1,157.3
ISINMA,ORTA,27.9,12,0,1,135.0
DONANIM,ORTA,3.9,5,0,6,212.0
GUC_KESINTISI,ORTA,8.73,10,1,1,92.8
GUC_KESINTISI,YUKSEK,2.15,6,0,1,74.9
BAGLANTI,DUSUK,12.95,8,1,2,74.1
BELIRSIZ,ORTA,14.19,20,0,1,174.1
BAGLANTI,ORTA,3.87,0,0,3,108.3
YAZILIM,YUKSEK,7.34,17,0,0,72.6
BAGLANTI,YUKSEK,9.34,16,0,1,72.7
DONANIM,YUKSEK,34.61,20,1,1,287.5
DONANIM,ORTA,0.86,13,0,0,137.5
YAZILIM,YUKSEK,0.3,10,1,1,31.1
BELIRSIZ,ORTA,30.62,6,0,0,199.4
BELIRSIZ,ORTA,5.8,4,0,1,120.4
GUC_KESINTISI,ORTA,10.53,23,1,4,125.2
BAGLANTI,ORTA,5.03,2,0,3,140.0
DONANIM,YUKSEK,7.12,19,1,1,214.4
BAGLANTI,YUKSEK,13.78,8,1,3,131.6
DONANIM,ORTA,9.58,13,0,2,199.7
BAGLANTI,YUKSEK,17.88,20,1,1,20
YAZILIM,KRITIK,0.84,20,1,1,44.8
BELIRSIZ,YUKSEK,0.72,3,0,1,140.8
GUC_KESINTISI,KRITIK,11.24,22,0,0,113.0
DONANIM,YUKSEK,10.72,18,1,1,138.9
DONANIM,ORTA,4.99,12,1,1,193.8
BAGLANTI,YUKSEK,10.27,8,0,5,98.1
GUC_KESINTISI,KRITIK,6.87,9,0,0,111.9
BAGLANTI,DUSUK,7.38,23,0,2,119.7
ISINMA,YUKSEK,25.14,10,0,0,65.7
DONANIM,YUKSEK,0.73,11,0,1,120.6
YAZILIM,ORTA,3.12,1,1,0,118.4
BELIRSIZ,YUKSEK,4.76,9,0,4,170.3
BELIRSIZ,DUSUK,8.15,1,0,1,212.3
BAGLANTI,YUKSEK,18.62,18,0,0,51.7
BELIRSIZ,ORTA,25.85,16,0,3,154.2
BAGLANTI,YUKSEK,1.67,2,1,2,77.6
ISINMA,DUSUK,4.94,14,1,1,133.7
DONANIM,YUKSEK,2.56,15,0,4,151.4
ISINMA,YUKSEK,19.91,19,0,1,210.5
BAGLANTI,KRITIK,4.26,0,0,1,40.0
DONANIM,ORTA,11.17,3,0,0,216.5
BAGLANTI,ORTA,8.38,21,1,1,97.8
DONANIM,KRITIK,22.41,12,1,0,205.0
ISINMA,KRITIK,30.54,19,1,3,155.9
ISINMA,YUKSEK,6.37,13,0,2,170.9
YAZILIM,DUSUK,13.44,19,0,5,74.3
ISINMA,ORTA,13.81,13,0,1,146.4
BAGLANTI,DUSUK,0.57,13,0,1,95.5
DONANIM,YUKSEK,12.02,14,0,1,116.5
ISINMA,ORTA,4.65,9,1,3,152.1
GUC_KESINTISI,ORTA,2.18,15,1,0,97.5
YAZILIM,ORTA,12.92,17,1,0,63.5
DONANIM,DUSUK,2.37,6,0,1,77.1
ISINMA,YUKSEK,14.62,11,0,1,111.6
ISINMA,YUKSEK,1.01,3,0,0,90.7
YAZILIM,ORTA,7.83,16,0,1,70.2
DONANIM,YUKSEK,21.49,13,0,2,254.1
ISINMA,ORTA,1.07,15,0,1,111.0
GUC_KESINTISI,YUKSEK,5.29,16,1,1,110.3
ISINMA,ORTA,6.23,1,0,2,64.5
GUC_KESINTISI,YUKSEK,5.03,20,0,7,155.3
ISINMA,YUKSEK,18.38,12,0,2,75.4
ISINMA,YUKSEK,26.39,18,1,0,80.2
ISINMA,ORTA,6.68,16,0,0,161.7
YAZILIM,ORTA,2.64,20,1,2,88.8
ISINMA,DUSUK,45.0,21,0,1,113.2
DONANIM,YUKSEK,6.7,9,0,1,211.1
GUC_KESINTISI,YUKSEK,12.11,9,0,1,223.5
YAZILIM,DUSUK,9.19,23,0,1,90.2
BAGLANTI,YUKSEK,10.17,4,1,1,90.2
BAGLANTI,DUSUK,15.79,22,1,1,55.5
ISINMA,ORTA,2.21,1,1,0,145.4
BELIRSIZ,ORTA,25.45,20,0,0,73.6
ISINMA,ORTA,3.46,12,0,2,95.0
BAGLANTI,DUSUK,2.27,5,0,1,115.1
BELIRSIZ,ORTA,6.68,3,0,0,209.9
BAGLANTI,ORTA,15.0,13,0,2,154.1
BELIRSIZ,DUSUK,0.3,20,0,0,77.7
YAZILIM,KRITIK,2.12,14,0,3,49.1
YAZILIM,ORTA,7.3,15,0,2,69.2
GUC_KESINTISI,KRITIK,9.97,22,1,0,43.1
ISINMA,KRITIK,8.91,15,0,0,76.1
BELIRSIZ,ORTA,0.99,3,1,2,117.3
DONANIM,ORTA,1.76,7,0,1,227.0
GUC_KESINTISI,ORTA,1.17,2,0,1,109.1
BAGLANTI,KRITIK,3.1,10,0,0,49.8
ISINMA,YUKSEK,8.36,14,0,4,76.7
GUC_KESINTISI,YUKSEK,2.07,8,0,1,45.7
DONANIM,YUKSEK,10.65,7,0,0,159.7
YAZILIM,ORTA,10.3,18,0,0,75.4
BELIRSIZ,KRITIK,1.58,9,1,1,133.7
BELIRSIZ,ORTA,7.4,23,0,0,273.3
BAGLANTI,ORTA,0.65,23,0,4,144.8
BELIRSIZ,DUSUK,4.21,23,0,3,234.9
BAGLANTI,DUSUK,1.66,12,1,0,148.3
YAZILIM,ORTA,0.49,0,0,0,58.5
BELIRSIZ,YUKSEK,10.77,2,1,0,67.9
BAGLANTI,YUKSEK,0.82,5,0,1,112.3
BAGLANTI,ORTA,0.45,16,0,1,114.8
ISINMA,YUKSEK,21.2,3,0,2,194.7
ISINMA,ORTA,4.76,22,0,1,127.1
GUC_KESINTISI,YUKSEK,13.96,15,0,4,167.6
GUC_KESINTISI,KRITIK,1.68,8,0,1,75.7
DONANIM,YUKSEK,32.03,7,0,0,128.6
GUC_KESINTISI,DUSUK,0.87,18,1,3,85.4
DONANIM,DUSUK,11.22,5,0,0,218.3
GUC_KESINTISI,YUKSEK,6.27,18,0,0,95.4
GUC_KESINTISI,YUKSEK,0.55,20,1,1,150.4
YAZILIM,ORTA,4.99,18,0,1,150.3
BELIRSIZ,DUSUK,12.48,0,1,0,116.3
ISINMA,YUKSEK,6.58,10,0,1,100.9
YAZILIM,YUKSEK,3.36,7,1,1,47.2
BELIRSIZ,DUSUK,2.96,17,0,2,139.2
YAZILIM,ORTA,26.61,17,0,1,59.7
ISINMA,DUSUK,2.4,20,1,0,91.4
BELIRSIZ,ORTA,21.24,16,0,0,123.2
YAZILIM,ORTA,2.29,1,1,1,88.2
ISINMA,YUKSEK,18.28,15,1,1,71.3
GUC_KESINTISI,ORTA,1.1,9,0,1,73.4
ISINMA,KRITIK,24.17,0,0,0,171.2
ISINMA,KRITIK,4.32,16,0,0,94.5
YAZILIM,ORTA,7.28,12,0,1,31.7
ISINMA,DUSUK,6.14,7,0,0,67.2
BELIRSIZ,DUSUK,0.3,2,0,1,186.4
BAGLANTI,YUKSEK,42.78,18,1,0,46.5
BELIRSIZ,DUSUK,45.0,1,0,2,177.2
BELIRSIZ,ORTA,3.76,15,1,2,129.2
YAZILIM,DUSUK,11.71,14,0,4,62.8
GUC_KESINTISI,YUKSEK,2.07,13,0,1,72.8
ISINMA,YUKSEK,30.24,7,0,1,90.7
DONANIM,ORTA,0.68,15,0,0,191.0
GUC_KESINTISI,YUKSEK,35.85,11,0,2,162.3
ISINMA,YUKSEK,10.71,18,0,4,86.7
GUC_KESINTISI,YUKSEK,13.78,22,0,0,105.8
ISINMA,ORTA,0.61,4,0,3,69.2
ISINMA,ORTA,13.32,2,1,1,143.7
GUC_KESINTISI,ORTA,22.4,22,1,0,289.8
DONANIM,DUSUK,3.2,17,1,2,117.7
BELIRSIZ,ORTA,0.86,15,0,1,115.8
BAGLANTI,YUKSEK,3.09,1,1,5,115.3
ISINMA,YUKSEK,1.2,21,0,1,96.6
BELIRSIZ,ORTA,5.52,23,1,1,264.7
ISINMA,DUSUK,9.09,8,1,0,160.1
BELIRSIZ,DUSUK,19.48,10,1,1,226.8
BELIRSIZ,YUKSEK,7.68,21,1,0,122.8
GUC_KESINTISI,YUKSEK,1.12,22,0,2,117.9
BAGLANTI,YUKSEK,4.35,15,0,1,74.7
BELIRSIZ,KRITIK,16.99,15,0,1,71.0
YAZILIM,ORTA,4.27,10,0,1,75.0
YAZILIM,ORTA,13.79,16,1,1,42.5
DONANIM,ORTA,31.57,1,1,1,316.5
DONANIM,ORTA,7.64,9,0,1,215.2
BAGLANTI,KRITIK,19.47,16,0,1,119.3
BELIRSIZ,YUKSEK,0.3,14,0,0,113.2
YAZILIM,ORTA,3.42,18,1,3,63.6
BAGLANTI,ORTA,1.29,18,1,4,81.4
DONANIM,ORTA,5.92,8,0,1,242.6
ISINMA,KRITIK,8.64,14,0,2,78.9
YAZILIM,YUKSEK,9.35,3,0,1,62.2
BELIRSIZ,YUKSEK,8.46,16,0,1,242.9
DONANIM,YUKSEK,6.76,17,0,1,180.8
DONANIM,YUKSEK,1.22,9,0,0,156.8
DONANIM,ORTA,2.88,5,1,1,183.2
ISINMA,ORTA,8.01,7,1,2,121.1
BELIRSIZ,ORTA,5.85,1,1,2,228.8
GUC_KESINTISI,YUKSEK,27.96,9,0,1,127.6
BAGLANTI,ORTA,14.76,10,0,2,88.1
YAZILIM,ORTA,5.16,19,0,0,57.4
GUC_KESINTISI,YUKSEK,10.97,11,0,0,159.5
GUC_KESINTISI,YUKSEK,5.01,17,0,1,167.4
BAGLANTI,DUSUK,1.56,0,0,0,155.0
YAZILIM,DUSUK,16.9,17,0,1,71.0
ISINMA,YUKSEK,20.95,21,0,2,96.7
YAZILIM,ORTA,1.2,6,0,2,87.2
GUC_KESINTISI,YUKSEK,4.56,0,0,0,175.9
BELIRSIZ,ORTA,12.6,8,0,1,141.9
BELIRSIZ,ORTA,22.26,7,0,1,134.0
YAZILIM,YUKSEK,15.53,20,0,1,75.6
GUC_KESINTISI,ORTA,5.12,4,1,1,126.3
BAGLANTI,YUKSEK,0.3,12,0,3,102.3
BELIRSIZ,ORTA,0.88,19,0,1,115.7
GUC_KESINTISI,ORTA,4.13,3,0,5,227.3
DONANIM,YUKSEK,7.77,18,0,3,201.8
DONANIM,KRITIK,0.72,12,0,2,182.5
BELIRSIZ,DUSUK,2.28,16,0,1,196.9
DONANIM,ORTA,26.9,13,1,5,259.4
DONANIM,YUKSEK,5.48,10,0,2,157.6
GUC_KESINTISI,ORTA,5.69,20,0,0,60.4
ISINMA,ORTA,3.34,13,0,0,91.4
BAGLANTI,ORTA,2.88,15,0,2,62.9
BAGLANTI,YUKSEK,1.5,7,0,2,168.7
BELIRSIZ,ORTA,9.23,3,0,3,183.8
YAZILIM,DUSUK,25.71,23,0,0,104.6
DONANIM,YUKSEK,10.05,16,0,1,173.5
ISINMA,KRITIK,16.53,1,1,3,177.8
BELIRSIZ,ORTA,12.27,9,0,0,174.2
DONANIM,YUKSEK,0.73,1,1,0,279.6
YAZILIM,ORTA,7.46,18,0,2,74.6
BAGLANTI,ORTA,17.96,20,0,0,115.1
ISINMA,ORTA,22.93,16,0,3,138.9
BELIRSIZ,ORTA,2.04,3,0,0,141.3
GUC_KESINTISI,ORTA,4.18,12,0,2,180.9
GUC_KESINTISI,YUKSEK,1.82,14,0,0,158.5
YAZILIM,ORTA,0.5,0,1,1,81.8
YAZILIM,DUSUK,7.29,11,1,0,60.5
BELIRSIZ,ORTA,3.86,5,0,0,182.0
BAGLANTI,DUSUK,2.97,12,1,1,81.8
GUC_KESINTISI,DUSUK,15.06,2,0,2,137.5
GUC_KESINTISI,YUKSEK,7.45,8,0,0,60.4
YAZILIM,ORTA,1.58,5,1,2,81.7
GUC_KESINTISI,DUSUK,4.35,20,0,1,144.1
ISINMA,DUSUK,1.11,23,0,0,186.5
GUC_KESINTISI,KRITIK,20.84,14,0,0,98.5
BAGLANTI,ORTA,0.3,19,0,5,117.2
ISINMA,YUKSEK,1.41,8,0,1,95.8
BELIRSIZ,ORTA,4.06,12,0,3,136.4
BAGLANTI,KRITIK,14.84,23,0,2,130.1
ISINMA,ORTA,22.87,12,0,1,100.7
BAGLANTI,YUKSEK,14.56,4,0,0,124.7
GUC_KESINTISI,YUKSEK,10.46,8,1,3,117.7
GUC_KESINTISI,ORTA,7.26,5,1,0,85.6
BAGLANTI,YUKSEK,5.56,0,0,0,62.1
ISINMA,KRITIK,1.29,19,0,1,94.6
DONANIM,YUKSEK,1.24,5,1,1,123.2
ISINMA,KRITIK,15.84,17,0,1,197.9
DONANIM,DUSUK,0.69,3,0,0,214.5
ISINMA,ORTA,17.96,4,0,1,149.4
DONANIM,KRITIK,3.17,11,0,0,226.2
GUC_KESINTISI,YUKSEK,13.7,20,1,0,154.9
ISINMA,YUKSEK,6.43,18,0,5,116.6
BAGLANTI,YUKSEK,8.89,10,0,2,66.4
BAGLANTI,YUKSEK,29.74,19,1,1,142.6
YAZILIM,ORTA,5.44,21,0,0,60.7
BELIRSIZ,ORTA,37.98,4,0,1,234.1
GUC_KESINTISI,YUKSEK,2.45,19,0,0,73.3
ISINMA,YUKSEK,20.68,11,1,0,181.7
DONANIM,DUSUK,27.94,14,0,1,198.0
BAGLANTI,ORTA,2.1,9,1,0,71.6
YAZILIM,KRITIK,7.77,16,0,1,45.2
BAGLANTI,DUSUK,0.39,10,1,1,85.2
DONANIM,KRITIK,8.49,23,0,1,159.4
BELIRSIZ,ORTA,2.08,8,1,2,122.2
GUC_KESINTISI,ORTA,15.52,21,1,2,81.5
DONANIM,ORTA,1.68,13,1,1,117.1
BELIRSIZ,DUSUK,4.22,7,0,1,206.5
BELIRSIZ,DUSUK,27.59,17,0,2,156.2
GUC_KESINTISI,YUKSEK,2.0,14,0,1,52.9
BAGLANTI,YUKSEK,5.26,13,0,0,74.1
ISINMA,ORTA,29.17,17,1,0,102.7
ISINMA,KRITIK,1.78,20,0,0,134.0
YAZILIM,ORTA,3.66,11,0,1,20
YAZILIM,DUSUK,1.58,1,0,1,101.7
BAGLANTI,YUKSEK,8.94,11,0,0,139.0
BAGLANTI,ORTA,24.99,6,0,1,78.4
ISINMA,KRITIK,2.34,21,0,0,90.9
DONANIM,YUKSEK,0.53,8,0,0,169.6
BELIRSIZ,YUKSEK,6.05,22,0,1,137.6
ISINMA,ORTA,1.46,23,1,0,160.1
DONANIM,ORTA,9.3,0,1,0,303.2
ISINMA,ORTA,0.66,1,0,6,206.0
BAGLANTI,ORTA,10.08,11,0,1,32.0
BAGLANTI,DUSUK,8.88,3,0,0,131.0
ISINMA,YUKSEK,1.41,1,0,1,218.8
BAGLANTI,ORTA,3.5,18,0,1,82.9
BELIRSIZ,ORTA,16.49,0,1,1,130.2
ISINMA,YUKSEK,0.8,16,1,3,97.1
BAGLANTI,YUKSEK,4.05,11,0,1,40.9
GUC_KESINTISI,ORTA,11.32,15,0,1,89.6
BAGLANTI,YUKSEK,6.34,13,0,0,88.6
ISINMA,YUKSEK,6.11,16,0,1,93.4
YAZILIM,DUSUK,3.43,19,0,1,21.1
ISINMA,ORTA,25.04,4,0,1,28.9
BAGLANTI,YUKSEK,33.08,22,1,1,91.9
DONANIM,ORTA,7.3,17,0,1,137.1
BELIRSIZ,YUKSEK,2.54,20,1,0,274.3
DONANIM,YUKSEK,6.31,4,1,0,107.5
DONANIM,KRITIK,3.89,9,0,0,249.5
BELIRSIZ,ORTA,7.02,7,1,0,308.1
YAZILIM,ORTA,6.64,3,0,1,55.5
YAZILIM,YUKSEK,9.98,17,0,1,57.7
BAGLANTI,YUKSEK,14.5,16,1,1,105.8
DONANIM,ORTA,1.46,23,0,0,131.6
BAGLANTI,YUKSEK,15.05,18,0,0,32.6
BAGLANTI,YUKSEK,6.53,21,0,1,78.2
YAZILIM,DUSUK,20.02,19,1,1,71.7
GUC_KESINTISI,KRITIK,4.65,1,1,1,219.1
ISINMA,KRITIK,7.28,5,0,0,204.3
ISINMA,YUKSEK,5.46,20,0,1,70.1
BELIRSIZ,ORTA,12.59,16,0,0,121.4
GUC_KESINTISI,ORTA,3.17,8,0,1,154.5
YAZILIM,DUSUK,24.19,14,0,0,22.7
ISINMA,ORTA,0.54,15,1,1,146.2
BELIRSIZ,YUKSEK,5.34,13,0,1,208.4
BELIRSIZ,ORTA,5.23,18,0,0,111.4
GUC_KESINTISI,KRITIK,7.68,15,0,0,86.3
DONANIM,ORTA,9.88,22,0,1,260.5
BELIRSIZ,DUSUK,17.59,7,0,3,110.7
ISINMA,YUKSEK,1.66,7,0,1,209.7
BELIRSIZ,YUKSEK,1.97,13,0,1,202.6
DONANIM,ORTA,5.73,6,1,1,128.3
BAGLANTI,YUKSEK,7.8,13,0,1,92.2
BELIRSIZ,ORTA,11.34,6,0,1,185.0
BELIRSIZ,ORTA,6.94,20,0,0,129.0
BAGLANTI,ORTA,0.3,9,0,0,49.1
GUC_KESINTISI,YUKSEK,13.31,9,0,0,34.5
YAZILIM,DUSUK,1.55,11,0,3,61.2
BELIRSIZ,DUSUK,7.06,10,0,1,66.1
YAZILIM,ORTA,8.75,0,0,0,77.5
YAZILIM,DUSUK,14.17,15,0,4,51.8
ISINMA,DUSUK,9.38,22,1,0,109.6
BAGLANTI,YUKSEK,1.62,13,0,0,73.8
BAGLANTI,DUSUK,11.78,21,0,1,149.9
BAGLANTI,ORTA,4.79,23,0,2,33.1
YAZILIM,YUKSEK,25.88,6,1,0,26.8
BELIRSIZ,YUKSEK,27.42,18,0,3,130.6
YAZILIM,DUSUK,1.22,15,0,1,90.1
ISINMA,KRITIK,9.11,3,0,4,81.2
BAGLANTI,DUSUK,0.76,8,0,0,20
BELIRSIZ,ORTA,0.3,4,0,0,239.5
BELIRSIZ,ORTA,12.43,6,0,2,120.3
ISINMA,KRITIK,1.02,12,0,0,91.8
GUC_KESINTISI,YUKSEK,1.96,18,1,1,79.1
GUC_KESINTISI,YUKSEK,3.07,5,1,2,108.0
BAGLANTI,ORTA,32.38,17,0,3,43.4
BELIRSIZ,ORTA,1.89,14,1,1,202.1
DONANIM,KRITIK,42.52,14,0,0,134.3
DONANIM,DUSUK,10.66,0,0,1,233.1
BAGLANTI,YUKSEK,4.77,14,1,0,85.6
GUC_KESINTISI,YUKSEK,0.3,19,1,0,155.0
GUC_KESINTISI,YUKSEK,5.71,3,0,3,162.2
BAGLANTI,YUKSEK,3.0,21,0,0,73.3
BAGLANTI,KRITIK,17.06,3,0,2,95.3
ISINMA,ORTA,7.87,11,0,4,178.6
GUC_KESINTISI,YUKSEK,13.68,1,1,1,148.3
ISINMA,ORTA,7.87,19,0,5,119.6
GUC_KESINTISI,YUKSEK,0.8,22,1,2,104.4
BELIRSIZ,YUKSEK,15.31,16,0,0,111.9
GUC_KESINTISI,KRITIK,4.6,17,0,0,123.8
DONANIM,KRITIK,5.35,8,1,2,284.8
BELIRSIZ,ORTA,20.95,19,0,2,121.0
BELIRSIZ,ORTA,28.68,9,1,3,104.5
BELIRSIZ,ORTA,4.29,20,0,1,82.9
BAGLANTI,DUSUK,1.13,10,0,0,67.9
DONANIM,ORTA,8.87,12,1,0,178.6
ISINMA,ORTA,0.3,22,0,1,127.4
YAZILIM,ORTA,0.71,6,1,2,97.3
DONANIM,YUKSEK,6.56,6,0,0,142.1
YAZILIM,ORTA,10.91,12,1,1,35.5
GUC_KESINTISI,YUKSEK,4.39,8,0,0,68.0
GUC_KESINTISI,KRITIK,0.3,2,0,1,139.2
YAZILIM,ORTA,4.94,6,1,0,53.3
BAGLANTI,YUKSEK,9.55,9,0,0,96.4
DONANIM,ORTA,0.3,18,1,0,214.4
DONANIM,ORTA,5.27,13,0,3,145.8
GUC_KESINTISI,YUKSEK,3.56,13,0,2,67.4
ISINMA,YUKSEK,9.23,4,0,1,67.2
DONANIM,KRITIK,15.97,0,0,1,132.2
DONANIM,ORTA,10.49,18,1,4,265.6
BAGLANTI,YUKSEK,12.26,0,0,1,112.3
DONANIM,YUKSEK,3.49,12,0,1,165.0
DONANIM,YUKSEK,14.18,5,0,1,273.0
BAGLANTI,ORTA,9.88,23,0,0,65.5
GUC_KESINTISI,YUKSEK,16.14,1,0,1,140.9
BAGLANTI,YUKSEK,0.64,10,0,0,57.2
ISINMA,ORTA,41.93,14,0,0,158.4
BELIRSIZ,ORTA,1.11,10,0,0,217.8
DONANIM,ORTA,3.68,20,0,2,197.0
YAZILIM,ORTA,4.65,10,0,2,72.1
YAZILIM,DUSUK,10.36,23,1,0,85.7
BAGLANTI,YUKSEK,1.34,1,0,1,54.7
ISINMA,YUKSEK,2.27,6,1,0,69.4
GUC_KESINTISI,ORTA,19.91,14,0,2,218.6
DONANIM,YUKSEK,3.13,21,0,1,237.2
DONANIM,YUKSEK,16.45,8,1,3,169.6
YAZILIM,DUSUK,7.07,17,0,1,34.4
BAGLANTI,DUSUK,3.63,15,1,0,62.8
GUC_KESINTISI,DUSUK,10.4,18,0,2,125.8
ISINMA,ORTA,35.79,10,0,3,101.2
YAZILIM,DUSUK,5.07,12,0,2,55.3
BAGLANTI,ORTA,27.75,19,1,3,125.0
BELIRSIZ,ORTA,15.47,4,0,1,136.2
DONANIM,ORTA,7.98,18,0,1,193.5
BAGLANTI,DUSUK,2.13,11,0,2,98.8
DONANIM,YUKSEK,36.29,23,0,2,153.9
BELIRSIZ,YUKSEK,2.64,0,0,1,64.5
BELIRSIZ,DUSUK,20.21,4,0,2,178.9
YAZILIM,ORTA,1.27,19,0,3,58.2
GUC_KESINTISI,YUKSEK,19.28,17,0,0,122.1
DONANIM,KRITIK,5.38,2,0,0,164.6
BELIRSIZ,ORTA,3.75,19,0,0,58.8
YAZILIM,DUSUK,5.56,3,0,1,67.3
BELIRSIZ,DUSUK,3.35,3,0,1,169.0
YAZILIM,KRITIK,4.4,22,0,1,39.1
YAZILIM,YUKSEK,12.78,16,0,0,66.9
BELIRSIZ,YUKSEK,5.39,18,1,1,88.6
DONANIM,DUSUK,0.3,16,0,2,257.1
BELIRSIZ,ORTA,7.03,3,0,1,41.1
GUC_KESINTISI,YUKSEK,1.46,6,0,0,93.5
ISINMA,KRITIK,5.53,11,0,0,60.2
GUC_KESINTISI,YUKSEK,12.67,9,1,1,159.7
DONANIM,ORTA,5.2,4,0,0,320.9
GUC_KESINTISI,ORTA,2.5,11,0,0,154.3
BELIRSIZ,ORTA,0.73,4,1,0,168.4
BAGLANTI,YUKSEK,7.71,12,0,3,144.0
ISINMA,ORTA,9.65,14,0,0,119.4
BAGLANTI,YUKSEK,0.77,19,0,0,45.3
BELIRSIZ,ORTA,4.47,10,0,2,171.3
ISINMA,YUKSEK,0.74,23,0,2,110.5
BAGLANTI,YUKSEK,7.8,21,0,1,39.5
DONANIM,YUKSEK,2.07,1,0,3,170.4
YAZILIM,ORTA,1.88,9,0,0,33.1
YAZILIM,ORTA,3.32,6,0,3,72.2
BAGLANTI,YUKSEK,3.07,14,0,1,88.4
GUC_KESINTISI,YUKSEK,18.01,23,0,1,143.5
GUC_KESINTISI,YUKSEK,4.74,2,1,1,137.4
DONANIM,ORTA,6.69,1,0,1,241.7
BELIRSIZ,KRITIK,5.81,11,1,1,111.4
YAZILIM,ORTA,12.75,17,0,2,82.8
YAZILIM,ORTA,3.35,13,0,0,47.6
DONANIM,YUKSEK,3.13,23,0,3,236.1
BAGLANTI,KRITIK,2.2,23,0,0,118.7
ISINMA,YUKSEK,7.74,6,0,0,152.2
ISINMA,YUKSEK,7.12,12,1,2,114.5
GUC_KESINTISI,YUKSEK,13.71,7,0,0,123.7
GUC_KESINTISI,ORTA,4.2,23,0,0,110.3
BELIRSIZ,YUKSEK,30.27,11,0,2,70.8
BAGLANTI,ORTA,5.98,6,0,2,80.5
DONANIM,ORTA,2.38,8,0,0,137.4
DONANIM,ORTA,4.31,11,1,3,173.6
BAGLANTI,KRITIK,15.09,21,0,1,59.6
GUC_KESINTISI,YUKSEK,19.95,16,0,4,89.9
BAGLANTI,YUKSEK,0.78,4,0,1,91.3
BAGLANTI,ORTA,6.0,14,0,0,66.0
BELIRSIZ,DUSUK,3.24,12,0,0,190.2
DONANIM,ORTA,5.09,22,0,2,279.1
BAGLANTI,YUKSEK,6.07,10,0,2,98.8
ISINMA,YUKSEK,7.62,11,0,0,84.4
DONANIM,KRITIK,3.05,21,0,0,160.9
YAZILIM,YUKSEK,20.12,3,0,1,57.4
ISINMA,YUKSEK,2.9,5,1,0,150.7
BAGLANTI,YUKSEK,6.15,7,0,1,83.0
BELIRSIZ,DUSUK,11.05,5,0,0,138.7
BELIRSIZ,ORTA,0.44,2,0,1,138.3
BELIRSIZ,YUKSEK,0.99,18,0,3,106.8
BAGLANTI,KRITIK,4.45,12,0,1,66.1
GUC_KESINTISI,KRITIK,0.91,2,1,0,227.0
BAGLANTI,KRITIK,34.21,14,1,1,94.3
GUC_KESINTISI,KRITIK,7.73,16,0,5,116.2
BAGLANTI,YUKSEK,28.92,15,0,0,20.9
ISINMA,ORTA,3.69,8,0,0,124.6
BAGLANTI,DUSUK,1.82,8,0,1,50.7
BELIRSIZ,YUKSEK,7.75,8,0,3,109.9
BAGLANTI,ORTA,11.08,0,0,0,68.6
DONANIM,ORTA,12.49,5,0,2,174.5
GUC_KESINTISI,ORTA,4.68,7,0,2,118.2
YAZILIM,ORTA,3.53,20,0,1,47.4
BAGLANTI,ORTA,6.6,16,1,1,110.8
ISINMA,ORTA,0.85,22,1,0,83.1
ISINMA,ORTA,8.74,8,1,3,161.8
BAGLANTI,YUKSEK,13.74,19,0,2,92.5
BAGLANTI,YUKSEK,6.07,1,0,0,182.4
YAZILIM,YUKSEK,0.5,1,0,1,47.0
BAGLANTI,ORTA,7.13,23,0,0,142.7
BAGLANTI,YUKSEK,3.75,18,0,1,48.0
ISINMA,ORTA,0.3,1,0,0,124.0
GUC_KESINTISI,KRITIK,7.56,18,0,8,229.4
BAGLANTI,KRITIK,25.83,4,0,0,112.6
GUC_KESINTISI,YUKSEK,6.18,7,0,1,130.0
GUC_KESINTISI,YUKSEK,0.35,0,0,2,96.8
DONANIM,YUKSEK,23.0,23,0,2,204.4
ISINMA,ORTA,21.65,21,0,1,214.5
ISINMA,DUSUK,5.32,10,1,0,203.4
BAGLANTI,DUSUK,13.95,18,1,1,97.7
GUC_KESINTISI,KRITIK,7.48,3,0,0,149.6
GUC_KESINTISI,YUKSEK,12.14,23,0,2,72.5
ISINMA,KRITIK,5.59,13,1,2,97.4
BELIRSIZ,YUKSEK,7.73,16,0,1,64.5
BELIRSIZ,ORTA,12.08,22,1,1,197.0
DONANIM,YUKSEK,8.84,8,1,1,175.8
BAGLANTI,DUSUK,12.61,18,0,2,75.4
YAZILIM,YUKSEK,6.75,23,1,0,65.9
GUC_KESINTISI,KRITIK,5.06,22,0,2,198.8
GUC_KESINTISI,KRITIK,3.43,14,0,0,91.3
GUC_KESINTISI,ORTA,1.84,20,1,1,176.1
BAGLANTI,ORTA,0.56,10,0,4,96.6
ISINMA,DUSUK,11.22,14,0,1,135.3
ISINMA,DUSUK,23.39,3,0,1,238.9
BAGLANTI,ORTA,5.73,7,0,6,167.8
YAZILIM,DUSUK,2.07,23,0,2,52.3
BAGLANTI,ORTA,3.84,23,0,2,104.5
YAZILIM,DUSUK,9.83,4,1,1,144.6
DONANIM,YUKSEK,10.9,10,0,1,124.5
DONANIM,YUKSEK,8.57,7,0,2,256.4
YAZILIM,ORTA,1.56,9,0,0,52.1
DONANIM,YUKSEK,6.94,5,0,0,128.5
ISINMA,YUKSEK,3.6,22,1,1,95.7
ISINMA,ORTA,2.18,9,0,3,109.9
BELIRSIZ,DUSUK,5.25,1,0,1,200.2
BELIRSIZ,ORTA,1.54,6,0,1,111.6
DONANIM,DUSUK,0.89,20,0,1,196.0
YAZILIM,YUKSEK,33.02,18,1,1,54.9
GUC_KESINTISI,ORTA,0.4,19,0,1,132.7
GUC_KESINTISI,ORTA,0.3,3,1,2,141.9
GUC_KESINTISI,ORTA,3.54,7,0,0,75.4
BELIRSIZ,DUSUK,13.6,13,1,0,147.6
BELIRSIZ,DUSUK,20.34,2,0,0,138.3
BELIRSIZ,ORTA,22.17,17,0,0,68.0
ISINMA,YUKSEK,0.3,9,0,1,65.5
BELIRSIZ,YUKSEK,16.61,0,0,7,92.3
BAGLANTI,YUKSEK,12.02,13,0,0,55.0
GUC_KESINTISI,KRITIK,1.37,18,1,4,135.3
BAGLANTI,YUKSEK,0.57,6,0,1,66.8
GUC_KESINTISI,YUKSEK,0.3,6,0,1,79.6
DONANIM,KRITIK,4.67,5,1,2,302.6
ISINMA,ORTA,24.91,23,0,1,122.0
ISINMA,ORTA,0.3,21,0,0,105.0
DONANIM,YUKSEK,1.41,7,0,2,190.0
BELIRSIZ,ORTA,11.97,12,0,1,100.7
ISINMA,ORTA,7.11,3,0,2,246.3
ISINMA,DUSUK,14.93,7,1,0,81.1
BELIRSIZ,DUSUK,2.1,1,0,2,161.3
BELIRSIZ,YUKSEK,3.56,21,1,2,178.7
DONANIM,KRITIK,1.71,5,0,0,157.6
YAZILIM,ORTA,4.35,17,0,0,78.4
BELIRSIZ,DUSUK,0.3,22,0,0,158.2
BAGLANTI,DUSUK,0.76,22,1,2,163.1
BELIRSIZ,ORTA,9.53,17,0,0,231.7
DONANIM,YUKSEK,2.94,17,1,1,154.0
DONANIM,ORTA,6.81,0,0,2,160.2
ISINMA,KRITIK,1.53,4,0,3,87.8
DONANIM,YUKSEK,8.62,8,0,1,215.8
ISINMA,YUKSEK,10.22,20,0,0,157.9
ISINMA,DUSUK,1.26,10,0,0,96.9
GUC_KESINTISI,YUKSEK,0.3,21,1,2,129.3
YAZILIM,DUSUK,9.88,11,0,1,59.0
BAGLANTI,ORTA,29.7,9,0,2,25.0
DONANIM,ORTA,1.69,15,0,1,97.5
BELIRSIZ,DUSUK,12.42,2,1,1,274.6
ISINMA,DUSUK,7.79,21,0,0,133.8
BAGLANTI,YUKSEK,14.69,11,0,1,163.4
DONANIM,YUKSEK,16.41,16,0,2,64.8
GUC_KESINTISI,YUKSEK,11.62,18,0,0,184.9
BELIRSIZ,ORTA,7.17,1,1,3,246.3
BAGLANTI,KRITIK,13.88,0,1,4,79.7
GUC_KESINTISI,YUKSEK,7.3,13,0,2,60.7
BELIRSIZ,ORTA,7.18,7,0,1,142.6
ISINMA,ORTA,11.17,0,0,0,80.5
BAGLANTI,ORTA,5.91,5,0,2,180.2
GUC_KESINTISI,ORTA,1.92,16,0,0,127.6
ISINMA,DUSUK,11.92,18,0,1,72.2
BELIRSIZ,DUSUK,11.68,7,0,1,51.1
GUC_KESINTISI,YUKSEK,1.04,11,0,0,131.7
GUC_KESINTISI,YUKSEK,7.44,0,0,1,89.3
BELIRSIZ,ORTA,4.07,1,1,0,142.3
YAZILIM,YUKSEK,6.22,18,1,1,91.3
YAZILIM,DUSUK,0.93,18,0,0,40.6
ISINMA,ORTA,0.3,22,0,2,132.8
BAGLANTI,DUSUK,6.6,11,1,0,70.8
BAGLANTI,KRITIK,6.92,16,0,3,87.8
BELIRSIZ,DUSUK,1.24,7,0,6,110.4
GUC_KESINTISI,YUKSEK,14.14,22,1,3,222.7
BAGLANTI,ORTA,8.63,19,1,1,76.9
DONANIM,YUKSEK,42.94,9,0,0,134.8
ISINMA,ORTA,45.0,5,0,0,91.9
BELIRSIZ,ORTA,3.82,12,1,0,63.0
YAZILIM,ORTA,6.6,15,1,0,52.8
BELIRSIZ,DUSUK,0.77,12,1,1,92.1
GUC_KESINTISI,KRITIK,10.47,23,1,1,152.6
BAGLANTI,KRITIK,3.63,8,0,1,54.8
BAGLANTI,ORTA,3.22,9,0,1,108.8
ISINMA,YUKSEK,2.6,1,0,1,122.2
BAGLANTI,YUKSEK,3.3,23,0,1,157.4
BELIRSIZ,DUSUK,3.46,17,0,0,118.0
DONANIM,ORTA,6.81,1,0,0,213.4
BAGLANTI,YUKSEK,4.66,13,1,1,50.5
ISINMA,YUKSEK,4.56,11,0,0,116.4
BAGLANTI,YUKSEK,0.43,1,0,1,77.9
ISINMA,YUKSEK,3.41,13,0,1,100.2
GUC_KESINTISI,ORTA,4.78,8,0,0,134.8
GUC_KESINTISI,ORTA,2.93,19,0,1,124.9
YAZILIM,DUSUK,9.66,11,1,1,69.6
DONANIM,YUKSEK,2.28,7,0,1,102.5
BAGLANTI,DUSUK,10.43,9,0,2,130.6
DONANIM,ORTA,1.56,17,0,1,135.6
ISINMA,KRITIK,6.34,19,0,1,89.0
BAGLANTI,ORTA,7.65,19,0,3,146.7
BAGLANTI,ORTA,17.87,15,0,2,70.2
GUC_KESINTISI,KRITIK,0.72,13,0,1,113.2
BELIRSIZ,ORTA,27.56,0,1,1,209.3
DONANIM,DUSUK,16.22,12,0,1,206.6
DONANIM,YUKSEK,2.29,19,0,1,111.2
GUC_KESINTISI,YUKSEK,6.79,23,0,1,115.6
YAZILIM,DUSUK,2.9,18,0,0,73.8
GUC_KESINTISI,YUKSEK,10.35,9,0,0,88.1
BELIRSIZ,ORTA,12.35,14,1,3,163.9
BAGLANTI,ORTA,6.46,21,1,1,191.7
GUC_KESINTISI,ORTA,5.29,12,1,1,90.2
YAZILIM,ORTA,2.51,3,1,2,99.6
DONANIM,KRITIK,2.06,7,1,1,242.5
YAZILIM,ORTA,27.77,20,1,3,88.1
GUC_KESINTISI,KRITIK,8.9,0,0,0,193.6
ISINMA,ORTA,2.6,0,0,2,236.0
YAZILIM,YUKSEK,1.76,19,0,1,41.4
DONANIM,ORTA,17.81,19,0,1,266.5
BELIRSIZ,DUSUK,8.54,18,0,0,142.5
BELIRSIZ,ORTA,2.17,7,0,0,246.2
DONANIM,ORTA,0.3,13,0,0,223.6
BELIRSIZ,ORTA,13.38,21,1,1,140.3
ISINMA,ORTA,9.55,11,0,0,135.2
BAGLANTI,KRITIK,5.92,21,1,3,166.8
YAZILIM,ORTA,3.87,1,0,1,40.9
GUC_KESINTISI,YUKSEK,9.16,4,0,0,125.0
BAGLANTI,ORTA,6.5,17,0,2,54.9
BELIRSIZ,ORTA,15.54,18,0,1,207.3
BAGLANTI,ORTA,2.27,15,0,1,107.4
YAZILIM,DUSUK,33.2,21,0,2,40.8
DONANIM,YUKSEK,2.01,14,0,4,151.6
BAGLANTI,ORTA,2.69,12,1,0,43.9
YAZILIM,ORTA,0.79,4,0,1,103.7
YAZILIM,DUSUK,9.23,14,0,1,157.3
DONANIM,DUSUK,22.18,3,1,2,358.6
ISINMA,YUKSEK,15.19,17,0,2,197.8
DONANIM,DUSUK,6.36,6,0,1,176.2
GUC_KESINTISI,KRITIK,6.01,2,1,1,124.6
GUC_KESINTISI,ORTA,32.83,1,0,1,124.5
DONANIM,ORTA,3.97,23,0,0,167.3
DONANIM,DUSUK,15.68,1,1,0,215.0
ISINMA,ORTA,4.5,16,1,0,147.7
BELIRSIZ,ORTA,9.98,0,0,1,134.0
DONANIM,ORTA,28.58,18,0,0,162.0
GUC_KESINTISI,KRITIK,18.39,15,0,3,124.5
GUC_KESINTISI,YUKSEK,2.9,22,0,1,118.0
GUC_KESINTISI,KRITIK,12.84,6,0,1,86.1
YAZILIM,ORTA,3.16,21,1,0,60.5
DONANIM,ORTA,1.03,0,0,1,197.4
GUC_KESINTISI,YUKSEK,6.27,1,1,0,102.4
BELIRSIZ,YUKSEK,9.63,11,1,1,214.9
ISINMA,ORTA,5.53,16,0,1,142.2
ISINMA,ORTA,1.22,3,1,2,164.9
ISINMA,KRITIK,0.98,4,0,0,71.4
ISINMA,KRITIK,12.48,6,0,2,134.1
DONANIM,YUKSEK,6.43,23,1,1,277.6
BELIRSIZ,ORTA,7.43,6,0,3,119.9
GUC_KESINTISI,YUKSEK,21.09,17,1,0,98.6
GUC_KESINTISI,YUKSEK,6.4,19,1,1,79.6
ISINMA,KRITIK,22.05,2,1,0,117.9
YAZILIM,YUKSEK,15.9,7,0,3,59.2
BELIRSIZ,ORTA,0.85,2,0,5,153.0
ISINMA,YUKSEK,8.08,12,0,0,74.3
GUC_KESINTISI,DUSUK,4.24,23,1,0,178.4
DONANIM,DUSUK,13.05,18,0,2,167.7
YAZILIM,DUSUK,0.65,17,0,1,96.1
BAGLANTI,YUKSEK,8.27,10,1,2,60.6
ISINMA,YUKSEK,8.7,18,1,5,102.4
GUC_KESINTISI,YUKSEK,2.9,22,1,1,89.3
YAZILIM,ORTA,3.56,2,1,1,32.5
BAGLANTI,DUSUK,0.85,18,0,3,68.1
ISINMA,YUKSEK,10.92,9,0,0,98.0
BELIRSIZ,YUKSEK,2.65,4,1,0,205.3
BELIRSIZ,ORTA,0.3,0,0,2,205.8
YAZILIM,ORTA,20.24,4,0,1,43.8
YAZILIM,DUSUK,1.1,12,1,2,80.5
YAZILIM,ORTA,0.93,11,1,2,94.9
DONANIM,YUKSEK,3.58,21,1,1,167.5
DONANIM,ORTA,5.01,3,0,1,264.8
BAGLANTI,KRITIK,14.07,14,0,1,102.2
BELIRSIZ,ORTA,24.47,22,1,0,181.3
YAZILIM,YUKSEK,7.49,18,0,3,80.9
YAZILIM,ORTA,0.56,19,0,1,67.5
BELIRSIZ,YUKSEK,1.13,11,0,2,168.1
ISINMA,ORTA,1.14,9,0,0,98.8
BAGLANTI,YUKSEK,5.46,5,1,1,172.9
BELIRSIZ,DUSUK,5.88,9,0,4,162.4
YAZILIM,DUSUK,20.86,23,1,1,97.7
BAGLANTI,ORTA,1.68,1,0,1,89.5
DONANIM,KRITIK,0.3,10,1,4,259.7
YAZILIM,DUSUK,18.27,14,1,2,77.8
BELIRSIZ,ORTA,3.42,23,0,2,244.3
GUC_KESINTISI,ORTA,0.69,6,1,0,89.6
DONANIM,ORTA,8.98,7,1,0,149.7
YAZILIM,DUSUK,0.54,15,0,0,81.2
YAZILIM,ORTA,2.59,13,0,1,83.8
BELIRSIZ,ORTA,11.06,18,1,0,114.4
ISINMA,DUSUK,3.29,14,0,1,111.4
YAZILIM,YUKSEK,1.05,8,0,1,55.4
BELIRSIZ,YUKSEK,1.13,4,0,1,165.1
BELIRSIZ,DUSUK,6.42,3,0,2,250.0
GUC_KESINTISI,DUSUK,2.19,15,1,2,175.6
BELIRSIZ,DUSUK,3.11,5,0,3,174.3
DONANIM,DUSUK,18.84,5,0,2,257.7
GUC_KESINTISI,YUKSEK,0.43,9,0,2,135.1
ISINMA,YUKSEK,28.9,4,0,1,48.5
GUC_KESINTISI,YUKSEK,22.19,6,1,0,132.5
GUC_KESINTISI,KRITIK,1.08,6,1,0,183.1
ISINMA,YUKSEK,43.31,17,0,0,94.7
GUC_KESINTISI,ORTA,5.41,18,0,1,90.0
GUC_KESINTISI,YUKSEK,4.81,17,0,0,158.8
DONANIM,ORTA,3.38,4,0,3,159.4
YAZILIM,ORTA,11.94,0,0,1,69.5
GUC_KESINTISI,KRITIK,6.88,17,1,2,90.4
DONANIM,YUKSEK,4.45,13,0,3,104.4
BELIRSIZ,ORTA,4.02,12,1,0,201.0
BELIRSIZ,DUSUK,2.72,7,1,2,171.2
GUC_KESINTISI,KRITIK,4.06,9,0,0,168.6
BELIRSIZ,ORTA,2.13,9,1,0,227.9
ISINMA,YUKSEK,2.2,19,1,0,123.9
BAGLANTI,YUKSEK,2.9,12,1,0,94.9
ISINMA,ORTA,5.73,4,0,1,144.3
YAZILIM,ORTA,14.72,7,0,0,69.1
YAZILIM,ORTA,17.94,6,0,1,74.2
ISINMA,ORTA,21.69,8,1,1,98.4
GUC_KESINTISI,ORTA,3.24,4,0,1,159.8
DONANIM,YUKSEK,8.31,15,0,0,112.1
DONANIM,YUKSEK,7.89,8,0,2,270.4
DONANIM,YUKSEK,16.62,1,0,1,140.2
DONANIM,YUKSEK,3.19,3,0,4,213.5
YAZILIM,KRITIK,10.21,7,0,2,78.3
DONANIM,DUSUK,22.34,22,0,4,208.8
BELIRSIZ,ORTA,14.91,22,1,1,168.7
ISINMA,DUSUK,15.68,4,0,0,93.8
DONANIM,YUKSEK,12.87,18,0,2,105.3
BELIRSIZ,ORTA,11.87,15,0,0,126.6
BELIRSIZ,ORTA,1.85,21,0,1,200.6
ISINMA,YUKSEK,45.0,11,0,0,134.2
BELIRSIZ,ORTA,0.3,8,0,0,78.5
BAGLANTI,DUSUK,7.85,6,0,0,67.8
YAZILIM,DUSUK,2.53,20,0,3,75.3
BAGLANTI,YUKSEK,2.58,22,1,0,31.1
BAGLANTI,YUKSEK,4.22,6,1,0,56.8
BELIRSIZ,YUKSEK,2.22,9,0,1,151.4
YAZILIM,ORTA,6.82,10,0,1,69.8
BAGLANTI,YUKSEK,17.58,5,1,1,127.8
BELIRSIZ,DUSUK,0.62,16,1,1,143.2
BELIRSIZ,YUKSEK,5.76,17,0,2,127.6
YAZILIM,ORTA,3.58,21,0,2,76.2
YAZILIM,YUKSEK,5.11,21,1,2,83.2
ISINMA,DUSUK,15.13,17,0,0,117.5
BAGLANTI,DUSUK,12.92,23,0,1,103.8
BAGLANTI,DUSUK,8.61,0,1,1,98.0
GUC_KESINTISI,DUSUK,1.65,3,0,1,160.6
ISINMA,ORTA,11.25,8,0,2,59.3
ISINMA,YUKSEK,6.35,8,0,0,73.3
GUC_KESINTISI,ORTA,11.39,9,0,2,116.8
DONANIM,DUSUK,3.46,18,0,1,235.2
ISINMA,ORTA,6.85,9,0,1,160.1
BAGLANTI,ORTA,0.46,3,0,0,127.6
BAGLANTI,ORTA,11.35,12,1,0,59.3
BELIRSIZ,ORTA,9.7,5,0,1,149.9
BELIRSIZ,DUSUK,4.47,15,0,0,121.8
ISINMA,YUKSEK,2.4,11,1,1,76.4
BAGLANTI,YUKSEK,14.58,7,1,5,59.6
BELIRSIZ,KRITIK,5.81,9,0,3,145.6
BELIRSIZ,DUSUK,15.09,10,0,1,71.7
BAGLANTI,DUSUK,2.34,3,0,1,80.7
BELIRSIZ,ORTA,6.83,10,0,0,149.3
GUC_KESINTISI,ORTA,3.84,8,1,1,82.2
BAGLANTI,YUKSEK,4.47,12,0,2,116.3
BAGLANTI,ORTA,12.86,21,0,0,56.2
BELIRSIZ,DUSUK,0.3,17,1,0,34.7
GUC_KESINTISI,YUKSEK,5.69,19,0,0,99.8
BELIRSIZ,KRITIK,5.62,2,0,1,107.6
GUC_KESINTISI,DUSUK,6.38,14,1,1,231.0
BAGLANTI,ORTA,14.96,19,0,1,70.9
YAZILIM,ORTA,0.48,12,0,1,59.4
BAGLANTI,ORTA,1.5,7,1,5,144.9
DONANIM,YUKSEK,0.41,17,0,1,212.6
DONANIM,ORTA,8.5,18,0,1,165.0
ISINMA,YUKSEK,2.42,0,1,1,113.6
GUC_KESINTISI,YUKSEK,0.91,18,1,8,145.1
BELIRSIZ,ORTA,26.94,22,0,0,80.7
DONANIM,ORTA,7.94,5,0,0,156.2
BAGLANTI,ORTA,23.61,0,1,1,113.0
BAGLANTI,KRITIK,36.41,19,0,0,88.3
DONANIM,DUSUK,31.5,0,0,0,227.9
ISINMA,KRITIK,9.28,20,0,0,71.0
ISINMA,YUKSEK,29.41,0,0,0,219.2
BELIRSIZ,DUSUK,9.79,21,1,1,96.4
BAGLANTI,ORTA,23.72,19,0,2,36.0
BELIRSIZ,KRITIK,2.84,1,0,0,94.6
BELIRSIZ,ORTA,4.66,19,0,0,167.2
ISINMA,YUKSEK,6.35,14,0,1,105.1
BAGLANTI,DUSUK,4.55,18,1,1,82.0
ISINMA,ORTA,8.87,1,0,3,147.4
YAZILIM,DUSUK,11.52,14,1,0,51.5
YAZILIM,DUSUK,3.05,15,0,1,43.6
ISINMA,KRITIK,4.07,15,0,0,168.2
BAGLANTI,YUKSEK,16.65,5,0,2,131.1
YAZILIM,YUKSEK,21.16,20,0,1,39.2
DONANIM,YUKSEK,3.43,10,0,0,162.5
BELIRSIZ,DUSUK,21.02,9,0,0,92.3
BELIRSIZ,DUSUK,8.63,9,0,2,210.3
YAZILIM,DUSUK,0.3,17,0,1,76.6
BELIRSIZ,ORTA,8.87,16,1,0,214.8
YAZILIM,ORTA,8.57,16,0,2,87.0
BAGLANTI,ORTA,25.2,10,1,0,129.5
ISINMA,DUSUK,7.77,6,0,2,90.8
BELIRSIZ,DUSUK,0.74,5,1,2,173.2
ISINMA,KRITIK,15.43,22,0,1,84.9
BELIRSIZ,ORTA,20.37,12,0,0,268.8
BELIRSIZ,YUKSEK,14.31,7,1,1,180.6
ISINMA,DUSUK,14.6,19,0,2,84.4
GUC_KESINTISI,KRITIK,0.74,13,0,1,59.9
YAZILIM,DUSUK,8.44,18,0,1,59.4
ISINMA,DUSUK,9.98,23,1,0,85.2
DONANIM,DUSUK,3.33,7,0,1,118.9
DONANIM,ORTA,0.42,5,0,0,202.8
BAGLANTI,YUKSEK,1.93,2,0,3,119.4
YAZILIM,ORTA,6.21,7,0,0,66.1
YAZILIM,ORTA,3.22,21,0,1,20
ISINMA,YUKSEK,36.49,6,0,2,106.2
BELIRSIZ,DUSUK,5.59,1,0,2,193.7
DONANIM,ORTA,4.89,6,1,1,208.7
DONANIM,ORTA,20.13,17,1,2,198.1
YAZILIM,YUKSEK,19.75,17,0,1,78.7
BELIRSIZ,YUKSEK,1.88,19,0,2,102.0
DONANIM,ORTA,19.78,10,0,1,107.8
YAZILIM,ORTA,2.82,3,0,1,56.6
GUC_KESINTISI,YUKSEK,2.97,8,1,1,91.6
BAGLANTI,KRITIK,21.59,1,0,2,72.4
GUC_KESINTISI,KRITIK,20.04,18,1,0,169.3
BELIRSIZ,ORTA,3.76,9,0,0,167.9
ISINMA,ORTA,16.76,5,0,1,86.4
YAZILIM,ORTA,2.17,7,1,0,61.2
YAZILIM,DUSUK,2.96,5,1,5,63.5
YAZILIM,ORTA,3.69,23,0,0,71.4
BELIRSIZ,ORTA,14.8,1,0,1,79.7
GUC_KESINTISI,ORTA,8.68,6,1,2,136.3
DONANIM,YUKSEK,11.08,17,0,4,232.5
YAZILIM,DUSUK,7.38,4,0,0,65.5
DONANIM,ORTA,10.83,16,1,2,268.5
ISINMA,DUSUK,0.3,12,0,0,142.3
BAGLANTI,KRITIK,24.47,0,0,1,93.8
BELIRSIZ,YUKSEK,7.08,20,0,1,145.9
GUC_KESINTISI,YUKSEK,0.63,1,0,0,178.0
BAGLANTI,ORTA,6.1,3,1,3,87.7
YAZILIM,ORTA,3.9,10,0,1,43.3
BAGLANTI,ORTA,4.82,22,0,3,110.0
GUC_KESINTISI,DUSUK,9.83,0,0,3,127.8
ISINMA,DUSUK,10.27,9,1,1,157.2
GUC_KESINTISI,ORTA,21.11,11,0,1,251.3
YAZILIM,ORTA,13.72,7,0,1,77.4
BAGLANTI,YUKSEK,1.47,13,0,0,75.1
DONANIM,YUKSEK,12.28,8,1,1,141.5
BELIRSIZ,DUSUK,5.08,5,0,2,232.0
BELIRSIZ,DUSUK,17.86,0,0,0,155.7
DONANIM,ORTA,5.34,23,0,0,320.5
GUC_KESINTISI,YUKSEK,5.54,11,0,0,104.4
GUC_KESINTISI,YUKSEK,15.04,11,1,0,101.0
GUC_KESINTISI,YUKSEK,3.34,16,0,3,73.3
BELIRSIZ,YUKSEK,4.83,23,0,2,143.9
BAGLANTI,DUSUK,19.48,8,0,4,123.6
GUC_KESINTISI,YUKSEK,45.0,8,1,2,89.6
BELIRSIZ,YUKSEK,0.6,11,0,2,175.2
YAZILIM,ORTA,5.43,2,1,2,66.2
ISINMA,ORTA,6.75,9,0,1,84.4
YAZILIM,ORTA,3.57,6,1,1,138.5
BELIRSIZ,ORTA,13.59,20,0,5,127.1
GUC_KESINTISI,ORTA,25.63,21,0,0,129.2
GUC_KESINTISI,YUKSEK,9.44,12,0,1,127.4
DONANIM,YUKSEK,1.03,11,0,1,216.2
GUC_KESINTISI,YUKSEK,0.3,20,1,1,57.5
DONANIM,ORTA,0.3,12,1,1,114.2
ISINMA,YUKSEK,0.67,20,1,1,56.3
BAGLANTI,DUSUK,0.3,16,0,4,93.9
ISINMA,YUKSEK,2.59,22,0,3,108.7
ISINMA,YUKSEK,0.3,9,0,1,124.6
GUC_KESINTISI,ORTA,5.18,16,1,1,109.1
BELIRSIZ,DUSUK,1.67,12,0,0,257.3
GUC_KESINTISI,YUKSEK,0.67,18,0,1,67.4
GUC_KESINTISI,KRITIK,5.05,10,0,0,163.6
BELIRSIZ,YUKSEK,10.16,18,0,0,125.3
DONANIM,ORTA,1.85,14,0,3,150.6
GUC_KESINTISI,ORTA,17.68,15,0,1,114.0
ISINMA,ORTA,0.67,9,1,2,207.1
GUC_KESINTISI,YUKSEK,8.69,16,0,4,180.1
BELIRSIZ,KRITIK,5.39,4,0,1,101.1
YAZILIM,YUKSEK,1.85,6,1,2,72.8
ISINMA,YUKSEK,0.69,0,0,3,107.7
GUC_KESINTISI,KRITIK,15.82,16,0,1,125.1
BELIRSIZ,ORTA,38.56,7,0,1,56.2
ISINMA,KRITIK,4.08,8,0,1,96.1
GUC_KESINTISI,KRITIK,14.73,6,1,2,36.7
ISINMA,DUSUK,2.18,22,0,3,141.7
DONANIM,DUSUK,10.74,21,1,2,237.5
DONANIM,DUSUK,31.63,8,0,1,140.0
YAZILIM,DUSUK,2.56,1,0,0,92.7
GUC_KESINTISI,DUSUK,5.29,21,0,3,238.4
BAGLANTI,YUKSEK,1.93,1,0,0,20
ISINMA,YUKSEK,0.5,5,0,1,138.0
GUC_KESINTISI,ORTA,7.41,8,0,2,120.9
YAZILIM,DUSUK,5.89,19,0,1,65.7
DONANIM,YUKSEK,2.12,10,0,1,266.9
DONANIM,ORTA,1.68,3,0,0,321.8
ISINMA,KRITIK,1.31,3,0,0,118.9
GUC_KESINTISI,YUKSEK,5.67,15,1,1,218.2
ISINMA,YUKSEK,12.34,0,0,2,148.8
YAZILIM,DUSUK,1.85,3,0,0,76.7
ISINMA,YUKSEK,15.33,17,0,2,129.8
BAGLANTI,KRITIK,3.86,8,1,1,84.8
GUC_KESINTISI,YUKSEK,13.54,14,1,1,143.4
DONANIM,YUKSEK,4.31,11,1,2,304.3
DONANIM,YUKSEK,4.95,12,0,1,144.3
ISINMA,YUKSEK,0.3,15,0,0,113.8
YAZILIM,DUSUK,6.94,21,0,0,43.4
YAZILIM,ORTA,0.85,7,1,1,56.3
ISINMA,YUKSEK,1.54,9,0,1,115.4
BELIRSIZ,YUKSEK,9.97,18,0,1,144.4
YAZILIM,KRITIK,10.82,0,0,1,62.1
DONANIM,ORTA,0.4,11,0,0,181.7
ISINMA,ORTA,1.16,22,0,1,93.8
YAZILIM,YUKSEK,0.92,3,0,3,86.5
BAGLANTI,ORTA,7.05,18,0,0,93.2
BAGLANTI,KRITIK,8.05,4,0,1,45.1
ISINMA,DUSUK,1.74,21,0,2,128.3
DONANIM,YUKSEK,6.64,18,0,1,209.5
BAGLANTI,KRITIK,1.56,15,0,0,64.0
BELIRSIZ,YUKSEK,6.35,19,1,1,122.1
DONANIM,ORTA,20.94,0,1,1,235.3
BAGLANTI,ORTA,11.02,2,1,3,91.8
YAZILIM,ORTA,12.07,15,0,4,59.6
GUC_KESINTISI,YUKSEK,29.66,19,0,1,145.1
BAGLANTI,YUKSEK,6.03,23,0,0,224.5
BELIRSIZ,ORTA,13.41,3,0,0,95.9
DONANIM,KRITIK,0.68,23,1,1,175.3
ISINMA,ORTA,2.26,6,1,4,122.7
BELIRSIZ,ORTA,0.95,9,0,3,230.6
BELIRSIZ,DUSUK,2.52,10,0,0,213.7
BELIRSIZ,DUSUK,4.62,4,0,0,133.7
BELIRSIZ,DUSUK,10.63,22,0,1,47.9
YAZILIM,ORTA,1.9,14,0,2,63.5
DONANIM,DUSUK,5.62,8,0,6,209.6
BAGLANTI,YUKSEK,4.95,22,1,0,99.2
GUC_KESINTISI,YUKSEK,0.73,8,1,1,191.2
DONANIM,ORTA,2.8,8,1,1,200.9
GUC_KESINTISI,KRITIK,29.92,3,0,0,121.5
YAZILIM,YUKSEK,1.46,3,1,0,54.2
ISINMA,ORTA,1.69,11,1,0,142.0
BAGLANTI,KRITIK,22.99,21,1,0,102.9
ISINMA,ORTA,1.79,12,0,1,86.0
BAGLANTI,YUKSEK,12.06,20,0,1,138.0
DONANIM,ORTA,1.76,19,0,1,89.0
BAGLANTI,ORTA,2.01,9,0,1,60.8
GUC_KESINTISI,DUSUK,7.52,5,0,1,193.4
BELIRSIZ,DUSUK,0.72,17,1,0,127.0
ISINMA,ORTA,16.26,18,0,2,124.7
DONANIM,DUSUK,1.83,3,0,0,214.2
BELIRSIZ,DUSUK,0.3,6,1,0,146.8
BELIRSIZ,ORTA,7.29,16,0,0,89.7
YAZILIM,ORTA,0.92,3,0,3,110.3
BELIRSIZ,DUSUK,3.5,1,1,1,152.1
BELIRSIZ,DUSUK,10.02,12,0,1,207.0
DONANIM,ORTA,1.83,20,0,1,124.3
YAZILIM,ORTA,13.15,17,0,1,49.0
DONANIM,YUKSEK,0.3,20,1,1,169.2
GUC_KESINTISI,KRITIK,22.17,17,0,1,200.3
GUC_KESINTISI,ORTA,11.74,5,0,1,150.9
YAZILIM,DUSUK,3.42,22,0,0,113.8
BAGLANTI,YUKSEK,26.91,11,0,0,114.5
YAZILIM,YUKSEK,3.54,19,1,1,44.0
BELIRSIZ,ORTA,10.08,7,0,0,146.8
GUC_KESINTISI,ORTA,0.3,5,0,4,162.8
BAGLANTI,DUSUK,0.68,22,0,1,94.1
BELIRSIZ,ORTA,15.77,5,1,0,162.9
DONANIM,ORTA,11.18,19,0,0,206.6
ISINMA,ORTA,3.05,10,0,2,148.4
ISINMA,ORTA,1.28,6,0,0,71.4
YAZILIM,ORTA,12.34,22,0,1,63.3
BAGLANTI,YUKSEK,1.17,4,0,1,87.1
DONANIM,ORTA,0.43,7,1,3,216.1
DONANIM,YUKSEK,2.92,0,0,0,63.8
BAGLANTI,YUKSEK,15.7,1,0,2,109.9
GUC_KESINTISI,ORTA,4.41,12,0,1,187.7
BELIRSIZ,DUSUK,2.33,22,0,1,182.7
BELIRSIZ,ORTA,3.67,19,0,2,127.1
BAGLANTI,ORTA,16.58,18,1,1,98.6
BELIRSIZ,YUKSEK,15.02,21,0,1,100.4
DONANIM,YUKSEK,7.47,22,0,1,165.2
YAZILIM,YUKSEK,0.46,9,0,0,57.7
YAZILIM,YUKSEK,32.47,7,0,3,32.6
BELIRSIZ,ORTA,3.45,0,0,3,132.5
GUC_KESINTISI,YUKSEK,0.32,13,0,0,59.3
BELIRSIZ,YUKSEK,4.96,14,1,1,123.3
GUC_KESINTISI,YUKSEK,2.31,0,0,0,163.7
GUC_KESINTISI,YUKSEK,3.46,1,1,2,129.7
DONANIM,ORTA,17.68,11,1,0,185.4
GUC_KESINTISI,DUSUK,12.3,10,0,2,227.4
YAZILIM,YUKSEK,9.51,14,0,0,45.9
ISINMA,ORTA,11.48,11,0,5,133.1
DONANIM,ORTA,7.67,16,1,3,293.1
ISINMA,ORTA,4.5,16,0,2,93.1
BELIRSIZ,YUKSEK,8.91,19,0,0,170.8
BELIRSIZ,YUKSEK,3.8,5,0,1,185.6
YAZILIM,KRITIK,11.61,4,0,3,68.8
YAZILIM,DUSUK,40.53,7,0,2,61.1
ISINMA,DUSUK,2.11,15,0,1,153.4
GUC_KESINTISI,ORTA,0.52,13,1,0,231.8
BAGLANTI,ORTA,3.82,12,0,0,64.9
GUC_KESINTISI,YUKSEK,15.32,3,0,2,104.2
BELIRSIZ,DUSUK,2.91,12,0,0,116.8
GUC_KESINTISI,ORTA,1.99,4,1,2,101.1
ISINMA,YUKSEK,8.35,20,1,0,123.7
YAZILIM,DUSUK,2.37,10,0,0,77.3
ISINMA,DUSUK,1.46,22,0,3,143.4
YAZILIM,DUSUK,3.42,15,1,0,45.6
DONANIM,YUKSEK,1.48,7,0,2,117.4
BAGLANTI,YUKSEK,5.05,1,0,1,71.5
DONANIM,YUKSEK,7.43,3,0,3,160.4
BAGLANTI,YUKSEK,3.95,9,0,2,88.4
YAZILIM,ORTA,0.3,2,1,1,61.1
YAZILIM,YUKSEK,21.71,19,0,2,59.0
GUC_KESINTISI,YUKSEK,6.33,6,0,0,189.0
YAZILIM,DUSUK,15.45,19,0,0,43.3
YAZILIM,ORTA,5.65,14,0,3,95.9
DONANIM,ORTA,3.6,20,1,1,106.0
ISINMA,YUKSEK,10.58,20,0,1,169.9
BAGLANTI,ORTA,8.04,21,0,0,73.7
GUC_KESINTISI,KRITIK,6.47,20,0,2,93.2
BELIRSIZ,KRITIK,14.99,3,0,0,98.8
BAGLANTI,ORTA,5.04,1,1,3,113.0
BAGLANTI,YUKSEK,2.41,13,0,2,59.5
BELIRSIZ,ORTA,5.82,19,0,2,134.5
ISINMA,KRITIK,5.54,5,1,3,112.3
GUC_KESINTISI,YUKSEK,5.85,21,0,1,105.2
BAGLANTI,YUKSEK,0.84,16,0,0,130.7
ISINMA,ORTA,0.79,5,0,1,114.7
ISINMA,ORTA,5.46,19,0,2,110.8
DONANIM,ORTA,15.32,18,0,1,242.8
DONANIM,DUSUK,1.91,13,0,2,229.0
GUC_KESINTISI,DUSUK,0.3,9,0,2,88.9
ISINMA,YUKSEK,17.89,3,0,1,121.6
ISINMA,DUSUK,0.3,19,1,0,207.6
YAZILIM,ORTA,4.92,3,1,2,83.0
BELIRSIZ,YUKSEK,3.48,0,1,1,201.5
BAGLANTI,ORTA,10.56,1,0,3,101.2
GUC_KESINTISI,YUKSEK,5.48,21,0,1,74.9
BAGLANTI,DUSUK,4.84,5,0,1,152.3
ISINMA,ORTA,4.09,16,0,0,94.5
YAZILIM,DUSUK,31.4,14,1,1,33.1
ISINMA,YUKSEK,1.7,4,0,0,109.4
BELIRSIZ,ORTA,2.28,14,1,2,221.2
ISINMA,YUKSEK,22.9,14,0,7,57.5
BELIRSIZ,ORTA,6.57,1,0,1,233.5
YAZILIM,ORTA,20.51,22,0,2,43.0
DONANIM,DUSUK,1.08,21,0,0,261.5
YAZILIM,YUKSEK,10.29,13,0,0,64.9
DONANIM,ORTA,2.74,19,0,2,163.6
GUC_KESINTISI,YUKSEK,5.31,10,1,1,101.3
BAGLANTI,ORTA,6.13,0,0,2,89.5
DONANIM,YUKSEK,6.08,2,0,1,166.1
BELIRSIZ,YUKSEK,2.41,12,0,1,126.4
BAGLANTI,ORTA,26.93,19,0,0,33.9
YAZILIM,DUSUK,7.05,14,0,0,70.0
BAGLANTI,YUKSEK,5.69,8,1,1,100.0
BELIRSIZ,ORTA,2.66,23,1,3,181.9
YAZILIM,KRITIK,7.65,9,0,1,39.1
DONANIM,YUKSEK,1.43,16,1,3,215.1
GUC_KESINTISI,KRITIK,12.77,7,0,2,120.0
DONANIM,YUKSEK,0.31,2,0,1,192.3
GUC_KESINTISI,ORTA,1.6,0,1,2,94.9
GUC_KESINTISI,KRITIK,9.6,8,0,0,46.9
GUC_KESINTISI,KRITIK,3.18,16,0,0,87.8
BAGLANTI,YUKSEK,12.33,17,0,0,114.3
ISINMA,ORTA,3.57,21,0,2,55.9
BELIRSIZ,ORTA,12.64,15,0,1,47.5
YAZILIM,DUSUK,0.77,12,1,1,228.1
GUC_KESINTISI,KRITIK,1.13,4,0,1,143.7
YAZILIM,ORTA,16.3,14,1,3,58.5
GUC_KESINTISI,YUKSEK,0.89,6,0,2,120.6
DONANIM,YUKSEK,1.19,7,0,0,150.0
GUC_KESINTISI,YUKSEK,14.89,3,0,0,115.3
ISINMA,ORTA,9.77,11,1,2,136.1
BAGLANTI,ORTA,1.36,23,0,2,71.4
ISINMA,YUKSEK,14.25,15,1,0,69.7
BAGLANTI,KRITIK,0.9,0,0,0,105.5
DONANIM,ORTA,0.69,16,0,0,91.3
DONANIM,YUKSEK,7.02,11,0,0,253.3
BAGLANTI,ORTA,12.14,10,0,0,86.3
DONANIM,DUSUK,0.36,7,0,0,161.8
BAGLANTI,ORTA,0.87,2,0,1,66.3
ISINMA,YUKSEK,0.3,21,0,2,85.9
DONANIM,ORTA,10.72,4,0,2,331.3
ISINMA,DUSUK,6.07,6,0,0,106.1
YAZILIM,ORTA,4.13,12,1,0,115.1
BELIRSIZ,YUKSEK,1.55,12,0,1,85.0
BAGLANTI,ORTA,7.54,0,1,1,67.0
GUC_KESINTISI,ORTA,0.35,13,0,2,145.8
ISINMA,YUKSEK,0.8,2,0,2,89.4
DONANIM,KRITIK,12.36,4,1,2,230.6
GUC_KESINTISI,DUSUK,8.26,18,0,1,111.5
BELIRSIZ,DUSUK,12.29,11,0,0,148.0
DONANIM,YUKSEK,0.93,20,0,0,95.7
DONANIM,ORTA,5.42,8,0,1,110.4
BAGLANTI,DUSUK,29.6,21,0,1,110.3
GUC_KESINTISI,KRITIK,6.84,20,0,1,99.8
GUC_KESINTISI,ORTA,2.96,20,0,0,185.4
DONANIM,YUKSEK,2.44,13,0,2,62.3
ISINMA,YUKSEK,9.12,9,1,2,95.9
BAGLANTI,YUKSEK,5.26,13,1,1,122.5
ISINMA,ORTA,8.05,10,0,0,118.7
ISINMA,YUKSEK,3.98,2,0,2,132.6
DONANIM,KRITIK,0.3,2,0,2,257.2
DONANIM,ORTA,6.82,22,0,0,265.4
DONANIM,ORTA,7.33,10,0,0,159.1
GUC_KESINTISI,KRITIK,18.81,16,0,3,167.4
GUC_KESINTISI,YUKSEK,1.29,12,0,1,177.1
YAZILIM,DUSUK,1.06,11,0,0,105.6
ISINMA,ORTA,6.75,21,0,2,146.2
DONANIM,YUKSEK,2.71,14,1,2,282.6
BELIRSIZ,ORTA,14.23,5,0,1,94.9
BAGLANTI,ORTA,1.97,16,0,0,111.6
BELIRSIZ,DUSUK,5.67,11,0,1,71.2
BELIRSIZ,DUSUK,0.3,5,0,0,65.1
BAGLANTI,YUKSEK,10.87,2,0,1,78.8
DONANIM,ORTA,7.83,10,1,0,221.8
YAZILIM,ORTA,4.15,19,0,0,63.0
ISINMA,KRITIK,5.11,14,1,0,83.4
GUC_KESINTISI,ORTA,4.91,6,0,0,142.2
DONANIM,KRITIK,3.15,14,1,0,268.3
DONANIM,ORTA,2.94,8,0,0,239.0
BELIRSIZ,DUSUK,24.1,16,1,1,164.7
BELIRSIZ,YUKSEK,4.44,18,0,1,105.1
GUC_KESINTISI,KRITIK,2.31,3,0,2,201.3
DONANIM,DUSUK,16.25,20,1,5,278.0
YAZILIM,ORTA,26.62,4,1,0,51.5
DONANIM,DUSUK,4.37,22,1,1,186.9
ISINMA,KRITIK,4.13,6,0,2,156.2
DONANIM,ORTA,4.59,22,0,1,149.1
ISINMA,ORTA,2.58,17,0,1,143.4
ISINMA,DUSUK,7.1,12,1,1,135.8
BAGLANTI,DUSUK,1.41,18,1,0,76.2
DONANIM,ORTA,14.67,6,1,1,186.9
ISINMA,YUKSEK,8.27,14,1,0,124.2
BELIRSIZ,ORTA,2.87,9,1,1,130.5
ISINMA,ORTA,7.83,19,0,2,159.4
ISINMA,KRITIK,12.45,7,0,2,66.8
BELIRSIZ,ORTA,9.51,7,0,4,101.4
YAZILIM,YUKSEK,5.7,21,1,1,46.3
DONANIM,YUKSEK,5.54,19,1,1,223.0
ISINMA,ORTA,0.61,4,0,1,77.0
YAZILIM,ORTA,3.29,2,1,1,56.7
BELIRSIZ,DUSUK,3.35,14,1,0,214.8
BELIRSIZ,DUSUK,13.42,23,0,4,98.5
BELIRSIZ,DUSUK,7.66,21,0,0,140.0
BELIRSIZ,ORTA,3.62,15,0,3,114.3
BAGLANTI,KRITIK,20.36,23,1,0,101.3
BELIRSIZ,YUKSEK,2.12,3,0,0,75.5
BELIRSIZ,ORTA,1.01,0,1,0,111.3
BELIRSIZ,DUSUK,12.05,10,1,1,193.5
YAZILIM,ORTA,7.27,4,0,1,32.7
GUC_KESINTISI,ORTA,22.6,13,1,4,146.7
YAZILIM,DUSUK,14.1,3,0,1,48.4
YAZILIM,ORTA,18.97,12,0,2,58.8
DONANIM,ORTA,14.29,18,0,2,238.4
BELIRSIZ,ORTA,4.45,8,0,2,240.6
ISINMA,YUKSEK,4.7,8,0,1,109.7
ISINMA,ORTA,1.06,21,0,1,141.2
YAZILIM,YUKSEK,3.0,19,0,1,47.2
YAZILIM,ORTA,3.5,23,0,0,106.8
BAGLANTI,YUKSEK,2.67,17,0,0,90.1
DONANIM,DUSUK,1.24,21,0,0,148.1
ISINMA,ORTA,0.85,22,0,1,96.6
DONANIM,ORTA,6.19,9,0,2,268.0
ISINMA,YUKSEK,0.39,1,1,0,273.3
DONANIM,ORTA,5.11,22,1,1,172.2
BELIRSIZ,ORTA,0.7,10,0,2,102.1
DONANIM,DUSUK,3.01,10,1,1,226.2
BELIRSIZ,ORTA,2.61,9,0,4,105.3
GUC_KESINTISI,ORTA,5.09,15,1,1,147.7
GUC_KESINTISI,ORTA,7.35,4,0,1,150.6
BELIRSIZ,YUKSEK,8.23,22,0,0,185.7
ISINMA,ORTA,42.89,16,0,0,139.4
BAGLANTI,YUKSEK,3.36,19,0,4,69.3
DONANIM,YUKSEK,20.82,13,0,2,204.0
DONANIM,YUKSEK,0.46,22,0,0,165.7
DONANIM,KRITIK,0.58,17,0,2,108.4
YAZILIM,ORTA,15.15,14,0,0,94.2
BAGLANTI,ORTA,1.25,7,1,0,114.5
BELIRSIZ,ORTA,10.07,6,0,1,121.8
GUC_KESINTISI,YUKSEK,3.72,10,1,1,119.3
YAZILIM,DUSUK,0.3,19,0,0,67.5
GUC_KESINTISI,ORTA,8.22,11,0,1,143.0
GUC_KESINTISI,ORTA,1.6,3,0,0,125.5
BELIRSIZ,ORTA,21.5,8,0,1,185.5
GUC_KESINTISI,YUKSEK,22.01,18,0,0,116.3
DONANIM,YUKSEK,16.45,1,1,1,265.3
BAGLANTI,ORTA,16.13,22,0,0,177.7
ISINMA,YUKSEK,0.3,21,1,3,106.4
DONANIM,YUKSEK,7.95,0,0,0,196.4
BELIRSIZ,ORTA,2.41,9,1,0,60.1
DONANIM,DUSUK,27.8,3,1,1,238.3
ISINMA,YUKSEK,1.48,20,1,0,105.0
GUC_KESINTISI,KRITIK,6.28,17,0,3,102.3
DONANIM,ORTA,11.0,20,0,1,233.0
YAZILIM,YUKSEK,2.74,4,0,0,35.9
DONANIM,ORTA,6.67,3,1,2,169.0
YAZILIM,DUSUK,1.81,10,0,0,57.0
BELIRSIZ,KRITIK,18.01,23,0,0,45.3
DONANIM,DUSUK,28.42,14,1,1,186.1
BELIRSIZ,DUSUK,11.84,7,1,2,83.8
BAGLANTI,KRITIK,20.53,12,0,4,52.7
BAGLANTI,YUKSEK,1.58,7,0,2,61.3
BAGLANTI,KRITIK,10.57,15,0,0,179.8
BAGLANTI,DUSUK,3.71,17,0,0,93.7
YAZILIM,YUKSEK,2.86,10,0,1,40.3
YAZILIM,DUSUK,11.61,4,0,0,60.6
DONANIM,KRITIK,29.76,3,0,0,322.0
BELIRSIZ,ORTA,9.61,1,1,1,291.9
ISINMA,YUKSEK,2.19,12,0,4,73.0
YAZILIM,YUKSEK,6.2,9,0,0,20
BAGLANTI,DUSUK,0.47,5,0,1,80.4
BELIRSIZ,KRITIK,5.98,16,1,2,124.8
GUC_KESINTISI,YUKSEK,22.32,18,0,1,101.5
YAZILIM,ORTA,4.31,20,0,0,55.7
DONANIM,ORTA,3.02,18,0,1,137.3
GUC_KESINTISI,YUKSEK,5.74,1,1,2,195.2
BAGLANTI,YUKSEK,15.34,0,0,1,67.5
BAGLANTI,YUKSEK,15.48,2,1,0,84.3
BELIRSIZ,YUKSEK,5.87,16,0,0,182.9
DONANIM,ORTA,19.89,9,1,0,222.4
YAZILIM,YUKSEK,6.37,5,1,1,55.3
BELIRSIZ,DUSUK,11.33,14,1,2,165.5
DONANIM,ORTA,11.5,16,0,2,290.5
BAGLANTI,YUKSEK,3.39,11,0,0,52.2
GUC_KESINTISI,YUKSEK,5.88,22,0,0,126.9
DONANIM,YUKSEK,9.23,1,0,0,184.1
DONANIM,YUKSEK,3.61,15,1,3,311.5
GUC_KESINTISI,KRITIK,12.23,3,0,1,142.5
ISINMA,DUSUK,1.79,23,0,2,124.1
DONANIM,ORTA,1.92,8,1,1,115.7
BELIRSIZ,ORTA,18.87,23,1,0,104.3
GUC_KESINTISI,YUKSEK,17.31,11,0,1,50.1
BELIRSIZ,DUSUK,11.05,8,0,0,153.2
BAGLANTI,KRITIK,0.36,11,0,0,89.2
GUC_KESINTISI,ORTA,3.15,9,1,1,145.0
YAZILIM,DUSUK,17.97,14,1,1,37.4
GUC_KESINTISI,YUKSEK,13.35,20,0,1,82.9
DONANIM,YUKSEK,0.42,17,1,3,168.8
DONANIM,ORTA,0.78,2,0,0,154.2
YAZILIM,ORTA,2.8,17,0,1,72.9
DONANIM,YUKSEK,0.7,5,0,2,243.8
BAGLANTI,YUKSEK,15.18,13,0,1,48.8
BAGLANTI,DUSUK,0.33,8,1,0,127.0
BAGLANTI,ORTA,9.97,12,0,1,91.4
ISINMA,YUKSEK,0.5,15,0,0,117.6
BELIRSIZ,DUSUK,7.53,19,0,0,192.3
BELIRSIZ,ORTA,20.31,17,0,0,100.5
DONANIM,YUKSEK,6.43,4,1,1,201.4
ISINMA,YUKSEK,5.98,7,0,0,134.2
BAGLANTI,ORTA,6.27,21,0,0,165.6
GUC_KESINTISI,ORTA,5.09,13,1,0,78.0
BAGLANTI,DUSUK,0.3,22,0,0,75.9
GUC_KESINTISI,YUKSEK,7.58,22,0,1,143.0
DONANIM,DUSUK,6.38,23,0,0,211.5
ISINMA,KRITIK,1.06,3,0,0,101.7
YAZILIM,YUKSEK,1.94,8,1,1,87.7
BAGLANTI,ORTA,4.36,18,0,0,104.6
BAGLANTI,KRITIK,13.06,3,1,3,104.0
BAGLANTI,ORTA,0.3,19,1,6,97.6
ISINMA,KRITIK,4.29,5,1,1,196.6
YAZILIM,ORTA,9.82,21,1,0,61.0
DONANIM,ORTA,6.58,21,0,1,126.1
GUC_KESINTISI,KRITIK,15.7,1,0,0,128.4
BAGLANTI,ORTA,3.2,15,0,1,73.6
GUC_KESINTISI,KRITIK,1.68,1,0,1,91.8
DONANIM,ORTA,3.06,4,1,0,234.9
ISINMA,YUKSEK,4.76,19,1,1,89.1
BELIRSIZ,DUSUK,0.66,17,1,1,108.3
ISINMA,YUKSEK,10.11,13,0,2,128.4
DONANIM,ORTA,0.37,3,0,0,208.3
YAZILIM,ORTA,1.93,15,0,3,104.0
BAGLANTI,ORTA,5.68,6,0,0,54.3
ISINMA,YUKSEK,6.26,22,0,1,70.2
DONANIM,ORTA,3.82,8,0,0,199.7
YAZILIM,ORTA,10.46,1,1,3,77.9
GUC_KESINTISI,KRITIK,2.15,19,0,1,224.5
BAGLANTI,YUKSEK,8.53,20,0,1,116.3
GUC_KESINTISI,DUSUK,14.18,22,0,1,135.6
DONANIM,ORTA,5.99,15,1,0,252.1
BAGLANTI,ORTA,5.33,19,0,0,29.3
BELIRSIZ,ORTA,10.12,17,1,2,198.3
BELIRSIZ,ORTA,4.72,6,0,3,155.4
GUC_KESINTISI,ORTA,5.34,21,0,3,119.2
DONANIM,KRITIK,2.19,7,1,0,163.3
BAGLANTI,YUKSEK,5.26,3,0,1,122.3
DONANIM,YUKSEK,5.37,3,0,0,118.4
YAZILIM,ORTA,2.83,1,1,0,89.2
ISINMA,KRITIK,0.91,11,0,0,90.6
BELIRSIZ,KRITIK,28.23,2,0,3,103.7
ISINMA,KRITIK,31.07,2,0,0,192.6
BAGLANTI,YUKSEK,3.85,3,1,1,81.8
GUC_KESINTISI,DUSUK,7.81,14,0,2,207.5
YAZILIM,DUSUK,10.21,13,0,0,96.7
BELIRSIZ,YUKSEK,3.81,22,1,2,262.6
YAZILIM,ORTA,0.73,10,0,0,58.7
GUC_KESINTISI,DUSUK,23.81,15,0,0,130.5
YAZILIM,DUSUK,15.29,5,0,1,53.4
BELIRSIZ,ORTA,12.62,19,0,1,129.8
GUC_KESINTISI,YUKSEK,0.3,15,0,1,116.3
BELIRSIZ,YUKSEK,1.03,6,0,3,153.5
BAGLANTI,YUKSEK,18.0,16,0,1,96.3
DONANIM,YUKSEK,24.25,10,0,2,150.8
YAZILIM,ORTA,7.73,22,1,1,48.7
DONANIM,YUKSEK,1.35,23,0,0,140.6
BELIRSIZ,ORTA,40.75,21,0,2,93.1
BAGLANTI,KRITIK,2.66,10,0,0,30.2
YAZILIM,YUKSEK,6.34,19,0,1,64.7
BAGLANTI,DUSUK,11.94,23,1,4,146.3
DONANIM,ORTA,1.8,0,1,4,193.2
YAZILIM,ORTA,19.96,0,0,0,60.8
BELIRSIZ,ORTA,9.52,23,0,1,114.8
BAGLANTI,YUKSEK,0.64,11,0,3,185.6
BAGLANTI,ORTA,11.11,2,0,3,39.3
ISINMA,YUKSEK,0.93,20,1,1,87.2
YAZILIM,ORTA,24.52,6,0,2,41.9
DONANIM,YUKSEK,4.41,23,0,0,87.0
YAZILIM,ORTA,22.44,19,1,1,45.3
DONANIM,DUSUK,0.43,21,1,3,228.5
ISINMA,YUKSEK,26.18,16,0,1,109.2
BAGLANTI,ORTA,2.19,0,0,0,109.2
GUC_KESINTISI,KRITIK,4.65,1,1,1,79.9
DONANIM,ORTA,25.71,1,1,0,316.9
BELIRSIZ,YUKSEK,0.3,5,0,0,58.8
DONANIM,ORTA,8.75,7,0,1,198.6
GUC_KESINTISI,YUKSEK,14.82,3,1,0,158.4
BAGLANTI,DUSUK,18.69,20,0,3,116.8
YAZILIM,ORTA,4.38,20,0,2,61.0
YAZILIM,YUKSEK,21.23,6,0,2,42.8
BELIRSIZ,ORTA,7.78,18,0,0,204.9
ISINMA,KRITIK,14.47,21,0,6,176.4
ISINMA,YUKSEK,1.41,15,0,1,87.5
GUC_KESINTISI,YUKSEK,2.59,10,0,7,111.1
BAGLANTI,DUSUK,4.99,16,1,1,139.8
GUC_KESINTISI,KRITIK,1.66,14,0,1,84.2
GUC_KESINTISI,YUKSEK,7.28,14,0,1,107.0
YAZILIM,YUKSEK,13.09,11,0,0,56.7
YAZILIM,YUKSEK,14.15,3,0,0,55.3
BAGLANTI,ORTA,6.34,10,1,3,76.7
ISINMA,ORTA,17.36,21,0,1,115.9
ISINMA,YUKSEK,8.01,0,0,1,175.0
DONANIM,DUSUK,30.02,15,1,1,151.3
YAZILIM,DUSUK,5.89,21,1,0,90.8
BAGLANTI,ORTA,4.72,9,1,1,71.3
ISINMA,ORTA,1.43,17,0,1,81.5
ISINMA,YUKSEK,1.83,3,0,2,47.7
YAZILIM,ORTA,3.86,16,1,1,83.7
GUC_KESINTISI,KRITIK,7.09,1,0,0,99.1
YAZILIM,DUSUK,1.15,5,0,0,89.9
ISINMA,DUSUK,9.18,2,0,0,131.4
BAGLANTI,YUKSEK,20.25,21,1,1,59.2
BELIRSIZ,ORTA,6.03,14,0,1,71.6
ISINMA,YUKSEK,3.04,19,0,0,114.0
ISINMA,ORTA,5.63,0,1,1,173.8
BAGLANTI,DUSUK,5.47,17,0,2,103.7
ISINMA,ORTA,3.03,2,0,0,72.2
YAZILIM,YUKSEK,2.39,17,0,0,76.4
BELIRSIZ,KRITIK,3.76,16,0,1,277.5
ISINMA,DUSUK,20.07,1,0,1,161.3
BELIRSIZ,ORTA,8.24,10,0,3,132.6
YAZILIM,ORTA,18.94,7,0,6,106.3
GUC_KESINTISI,ORTA,3.86,19,0,1,124.9
ISINMA,YUKSEK,3.82,0,0,1,179.2
ISINMA,ORTA,3.25,12,0,1,65.9
YAZILIM,YUKSEK,19.43,3,1,2,113.8
YAZILIM,DUSUK,8.18,12,0,0,41.8
BELIRSIZ,DUSUK,0.3,19,0,0,181.1
GUC_KESINTISI,KRITIK,3.76,19,0,0,150.8
YAZILIM,ORTA,3.44,9,1,0,71.5
YAZILIM,DUSUK,8.14,13,1,0,42.2
ISINMA,ORTA,1.12,8,0,3,166.2
BAGLANTI,KRITIK,4.83,5,0,0,96.3
GUC_KESINTISI,KRITIK,0.63,8,0,2,68.7
GUC_KESINTISI,YUKSEK,16.75,14,0,0,98.0
YAZILIM,ORTA,9.02,5,0,0,46.6
BELIRSIZ,KRITIK,10.12,14,0,1,98.8
DONANIM,YUKSEK,7.6,11,1,1,203.7
YAZILIM,KRITIK,0.3,9,0,0,42.6
BAGLANTI,YUKSEK,6.26,19,0,4,76.5
ISINMA,DUSUK,0.57,4,1,0,106.6
ISINMA,YUKSEK,1.19,8,0,0,32.2
YAZILIM,ORTA,11.14,9,0,1,62.5
DONANIM,YUKSEK,3.15,12,0,1,192.4
BAGLANTI,YUKSEK,14.23,21,0,0,142.8
BELIRSIZ,DUSUK,19.25,1,0,0,242.0
BAGLANTI,YUKSEK,1.58,23,0,3,123.3
DONANIM,YUKSEK,4.58,19,1,0,241.9
BAGLANTI,KRITIK,2.03,3,0,0,63.1
DONANIM,YUKSEK,1.96,7,0,1,263.1
BAGLANTI,KRITIK,17.93,17,1,1,98.5
BAGLANTI,DUSUK,15.23,22,1,0,51.5
GUC_KESINTISI,KRITIK,1.12,15,0,0,94.0
BAGLANTI,ORTA,8.73,12,0,1,87.2
GUC_KESINTISI,YUKSEK,14.87,0,0,0,221.1
BELIRSIZ,ORTA,0.3,12,1,1,153.6
YAZILIM,DUSUK,0.67,19,0,2,110.1
YAZILIM,DUSUK,13.15,1,0,1,59.0
GUC_KESINTISI,ORTA,5.65,17,0,1,66.5
BAGLANTI,DUSUK,0.98,9,0,6,70.4
DONANIM,YUKSEK,7.48,10,0,0,156.9
GUC_KESINTISI,ORTA,5.67,6,1,1,177.0
ISINMA,ORTA,3.17,5,0,0,86.0
BAGLANTI,YUKSEK,4.96,20,0,2,72.1
GUC_KESINTISI,YUKSEK,2.51,12,0,2,115.6
YAZILIM,ORTA,5.67,21,1,2,35.5
BAGLANTI,KRITIK,7.07,9,1,0,152.4
YAZILIM,ORTA,12.95,3,0,1,86.6
DONANIM,DUSUK,7.67,19,0,0,151.6
DONANIM,ORTA,4.33,6,0,3,104.7
YAZILIM,DUSUK,10.62,6,0,4,48.8
DONANIM,DUSUK,0.3,10,0,1,239.2
DONANIM,ORTA,21.42,18,0,0,186.8
GUC_KESINTISI,ORTA,6.2,2,0,2,208.4
YAZILIM,DUSUK,15.36,9,0,0,20
YAZILIM,DUSUK,0.3,7,0,1,57.8
GUC_KESINTISI,ORTA,4.01,9,0,4,154.4
ISINMA,YUKSEK,0.31,5,0,1,112.0
BELIRSIZ,DUSUK,8.63,17,1,0,76.0
GUC_KESINTISI,YUKSEK,9.68,15,1,4,159.1
DONANIM,YUKSEK,4.22,15,1,1,202.4
BELIRSIZ,DUSUK,1.35,12,0,0,148.0
BAGLANTI,KRITIK,7.85,15,0,0,65.8
DONANIM,YUKSEK,7.8,16,0,0,175.8
BAGLANTI,DUSUK,8.61,16,1,1,122.7
DONANIM,ORTA,3.31,11,0,1,220.9
GUC_KESINTISI,YUKSEK,10.1,13,0,1,67.9
BAGLANTI,YUKSEK,2.55,22,1,0,150.6
BELIRSIZ,ORTA,1.43,20,0,0,140.6
BAGLANTI,YUKSEK,4.74,8,1,1,134.0
DONANIM,ORTA,12.57,14,0,1,199.1
BAGLANTI,YUKSEK,22.68,9,1,2,76.0
YAZILIM,ORTA,6.03,5,1,1,48.4
DONANIM,ORTA,0.4,3,0,2,149.3
BELIRSIZ,ORTA,9.73,0,1,3,227.4
YAZILIM,DUSUK,9.38,20,1,2,31.3
ISINMA,KRITIK,5.17,16,0,1,79.0
BAGLANTI,YUKSEK,3.09,3,0,1,133.9
YAZILIM,DUSUK,3.49,4,0,0,112.9
DONANIM,YUKSEK,0.79,7,1,4,252.1
DONANIM,ORTA,6.84,16,0,2,144.1
BELIRSIZ,ORTA,11.15,13,1,1,149.7
BELIRSIZ,YUKSEK,13.75,14,1,1,152.0
GUC_KESINTISI,YUKSEK,6.95,21,0,0,111.3
BELIRSIZ,KRITIK,1.98,17,1,4,288.4
ISINMA,YUKSEK,0.3,5,0,1,105.7
YAZILIM,YUKSEK,2.83,5,0,1,55.4
BAGLANTI,YUKSEK,1.23,4,1,2,123.3
ISINMA,YUKSEK,10.03,0,0,2,144.7
BAGLANTI,ORTA,5.49,6,0,2,113.7
GUC_KESINTISI,KRITIK,28.74,10,1,1,120.3
BELIRSIZ,ORTA,11.53,8,0,0,107.4
YAZILIM,ORTA,18.01,7,0,2,73.2
BELIRSIZ,ORTA,14.97,10,1,2,151.0
BELIRSIZ,DUSUK,15.98,17,0,2,122.1
BAGLANTI,ORTA,5.09,21,0,1,111.6
BELIRSIZ,ORTA,8.16,21,0,3,174.9
YAZILIM,ORTA,17.49,0,0,1,48.6
ISINMA,YUKSEK,10.13,19,1,4,175.5
GUC_KESINTISI,ORTA,5.22,10,1,1,144.6
YAZILIM,DUSUK,1.3,9,0,2,50.9
GUC_KESINTISI,ORTA,14.21,21,0,1,79.0
ISINMA,ORTA,1.53,18,0,0,124.0
ISINMA,ORTA,0.48,22,0,2,76.7
ISINMA,YUKSEK,2.32,4,0,0,93.2
ISINMA,DUSUK,4.16,20,1,1,52.7
BAGLANTI,ORTA,13.5,20,1,1,78.9
DONANIM,DUSUK,0.3,23,0,1,255.9
DONANIM,ORTA,14.95,8,1,3,222.6
GUC_KESINTISI,ORTA,16.06,13,0,2,88.6
BAGLANTI,ORTA,13.11,6,0,1,55.5
BAGLANTI,KRITIK,10.41,0,0,4,143.3
YAZILIM,DUSUK,1.0,20,0,1,37.6
BAGLANTI,ORTA,7.74,10,1,0,79.0
ISINMA,YUKSEK,16.65,11,0,1,83.9
GUC_KESINTISI,YUKSEK,10.64,6,0,4,83.9
BELIRSIZ,ORTA,5.79,17,0,0,40.6
BELIRSIZ,ORTA,4.42,16,0,0,104.0
YAZILIM,DUSUK,3.13,4,1,1,84.0
YAZILIM,ORTA,7.2,1,0,0,34.6
ISINMA,KRITIK,1.24,11,0,3,35.8
ISINMA,KRITIK,3.99,3,0,0,123.3
ISINMA,YUKSEK,0.61,13,0,1,95.3
GUC_KESINTISI,KRITIK,6.45,18,0,1,85.4
BELIRSIZ,ORTA,17.11,5,0,1,173.7
GUC_KESINTISI,DUSUK,11.81,0,1,1,132.8
DONANIM,YUKSEK,8.23,4,1,2,311.0
DONANIM,ORTA,12.96,18,0,1,189.4
ISINMA,YUKSEK,3.07,12,0,0,159.7
DONANIM,DUSUK,20.27,21,0,0,74.8
BAGLANTI,YUKSEK,7.43,4,0,2,83.1
BAGLANTI,YUKSEK,7.27,8,0,1,20
BELIRSIZ,YUKSEK,0.48,12,0,2,153.6
YAZILIM,DUSUK,9.25,1,0,2,105.3
BELIRSIZ,DUSUK,7.27,11,0,2,264.7
GUC_KESINTISI,KRITIK,1.27,8,1,0,178.6
YAZILIM,DUSUK,5.62,4,0,1,29.7
BAGLANTI,ORTA,5.76,21,0,0,46.0
DONANIM,ORTA,6.0,1,0,2,360.8
BAGLANTI,KRITIK,12.77,7,1,3,172.2
YAZILIM,ORTA,6.9,9,0,1,47.3
ISINMA,YUKSEK,0.3,21,1,1,182.3
DONANIM,YUKSEK,6.76,0,1,0,206.3
ISINMA,KRITIK,25.37,12,0,1,200.8
BELIRSIZ,ORTA,5.74,18,1,1,167.8
ISINMA,ORTA,8.6,16,0,2,81.7
GUC_KESINTISI,YUKSEK,0.75,23,0,0,162.6
GUC_KESINTISI,KRITIK,14.08,9,0,1,79.8
BELIRSIZ,ORTA,4.25,21,0,0,182.1
BAGLANTI,ORTA,2.04,3,0,2,87.2
BELIRSIZ,DUSUK,10.46,11,0,1,138.8
YAZILIM,ORTA,3.87,13,0,2,49.4
GUC_KESINTISI,YUKSEK,0.59,5,0,1,72.4
YAZILIM,KRITIK,16.75,23,0,1,82.8
YAZILIM,DUSUK,0.87,16,0,1,113.7
ISINMA,DUSUK,5.81,12,0,2,63.6
BAGLANTI,DUSUK,35.44,11,0,1,140.2
ISINMA,ORTA,6.77,14,0,5,102.9
DONANIM,ORTA,45.0,9,0,2,226.3
YAZILIM,YUKSEK,2.41,7,1,0,49.9
DONANIM,YUKSEK,29.95,7,0,1,207.9
ISINMA,ORTA,1.33,13,0,0,112.0
DONANIM,YUKSEK,3.98,16,0,0,188.2
YAZILIM,DUSUK,4.89,2,0,0,65.8
YAZILIM,YUKSEK,0.47,23,0,1,65.5
DONANIM,DUSUK,0.6,10,0,0,159.6
GUC_KESINTISI,ORTA,2.87,13,0,1,145.4
DONANIM,ORTA,20.22,8,0,1,162.1
ISINMA,YUKSEK,1.96,19,0,1,63.9
BAGLANTI,KRITIK,6.65,22,1,1,56.2
GUC_KESINTISI,KRITIK,2.07,18,0,1,118.6
BELIRSIZ,DUSUK,0.99,3,0,0,122.2
ISINMA,ORTA,7.43,19,1,0,84.4
DONANIM,KRITIK,3.76,21,0,1,152.8
YAZILIM,ORTA,0.41,13,1,0,47.4
BELIRSIZ,ORTA,0.79,7,0,2,72.4
BAGLANTI,YUKSEK,2.09,20,0,1,82.5
ISINMA,KRITIK,5.42,13,0,1,86.3
ISINMA,YUKSEK,10.63,5,0,0,69.3
GUC_KESINTISI,KRITIK,5.86,3,0,1,177.0
DONANIM,KRITIK,19.22,6,0,0,174.5
BELIRSIZ,YUKSEK,4.03,16,1,1,196.4
BAGLANTI,ORTA,25.18,8,1,1,107.0
ISINMA,ORTA,0.66,13,0,1,82.2
ISINMA,YUKSEK,8.7,5,1,2,136.3
YAZILIM,DUSUK,11.84,7,1,1,100.2
ISINMA,ORTA,7.39,18,1,0,136.8
BAGLANTI,DUSUK,18.86,13,0,0,99.0
GUC_KESINTISI,ORTA,4.7,5,1,2,230.8
DONANIM,ORTA,3.33,16,0,4,334.5
ISINMA,DUSUK,4.53,17,1,2,107.1
ISINMA,ORTA,36.69,19,1,2,109.4
BELIRSIZ,DUSUK,6.86,1,0,0,209.1
BAGLANTI,ORTA,4.74,3,0,0,57.5
DONANIM,DUSUK,8.13,22,1,2,269.1
ISINMA,ORTA,11.21,20,1,3,102.7
YAZILIM,DUSUK,19.02,6,0,3,147.7
BAGLANTI,YUKSEK,32.95,23,0,0,36.8
ISINMA,KRITIK,7.42,4,0,0,102.9
GUC_KESINTISI,YUKSEK,12.24,16,0,0,125.7
DONANIM,KRITIK,7.56,0,1,2,313.9
BAGLANTI,KRITIK,10.05,22,0,1,93.4
BELIRSIZ,ORTA,7.26,23,0,1,240.7
BAGLANTI,KRITIK,30.38,4,1,0,68.3
DONANIM,YUKSEK,6.0,2,0,1,245.8
BAGLANTI,ORTA,8.62,10,0,1,88.2
BAGLANTI,KRITIK,0.58,21,0,3,52.6
BELIRSIZ,ORTA,18.35,1,0,1,198.7
BELIRSIZ,ORTA,30.13,8,0,0,132.5
GUC_KESINTISI,ORTA,4.69,5,0,1,100.2
BELIRSIZ,ORTA,14.34,12,0,1,82.6
YAZILIM,YUKSEK,5.9,17,0,0,73.9
DONANIM,ORTA,0.91,3,0,1,151.1
YAZILIM,ORTA,6.24,7,1,2,20
BELIRSIZ,YUKSEK,0.65,14,0,2,84.6
ISINMA,ORTA,6.72,19,0,0,80.9
ISINMA,KRITIK,42.1,0,0,1,151.4
ISINMA,KRITIK,6.25,13,0,1,75.4
GUC_KESINTISI,KRITIK,18.13,14,0,1,147.5
YAZILIM,DUSUK,22.83,23,0,0,100.9
BELIRSIZ,ORTA,10.53,3,0,1,85.5
BELIRSIZ,DUSUK,1.68,0,0,0,125.7
BELIRSIZ,DUSUK,1.66,10,0,0,128.6
ISINMA,ORTA,1.51,9,0,1,172.9
ISINMA,YUKSEK,13.03,2,1,1,159.5
DONANIM,YUKSEK,2.54,7,0,1,215.8
BELIRSIZ,YUKSEK,13.43,10,0,0,125.4
GUC_KESINTISI,ORTA,0.98,1,0,0,131.9
DONANIM,DUSUK,0.3,20,0,2,223.5
ISINMA,YUKSEK,6.84,11,0,1,122.3
YAZILIM,YUKSEK,10.52,2,0,2,66.6
BELIRSIZ,ORTA,3.39,15,0,3,161.5
DONANIM,YUKSEK,4.77,10,1,1,271.0
BELIRSIZ,ORTA,10.0,21,0,0,147.5
GUC_KESINTISI,KRITIK,5.97,17,0,3,76.8
YAZILIM,ORTA,1.0,4,1,3,97.4
BELIRSIZ,ORTA,5.74,18,0,1,77.3
BAGLANTI,DUSUK,13.08,1,0,0,76.8
YAZILIM,DUSUK,21.86,7,0,0,23.3
BAGLANTI,ORTA,1.71,20,0,1,81.9
ISINMA,YUKSEK,14.62,3,1,2,187.1
YAZILIM,DUSUK,2.59,12,0,0,72.9
GUC_KESINTISI,KRITIK,13.86,22,1,1,144.9
BAGLANTI,ORTA,12.81,20,0,0,65.1
GUC_KESINTISI,ORTA,4.03,19,0,1,175.8
BELIRSIZ,YUKSEK,27.71,20,0,2,216.8
DONANIM,KRITIK,14.48,19,0,1,187.4
GUC_KESINTISI,YUKSEK,8.53,12,1,2,75.5
GUC_KESINTISI,KRITIK,15.99,2,1,1,178.4
DONANIM,ORTA,14.36,11,0,0,126.4
ISINMA,ORTA,6.5,9,0,1,96.8
DONANIM,ORTA,1.08,12,1,0,194.5
ISINMA,DUSUK,9.48,3,0,5,163.7
BAGLANTI,YUKSEK,0.47,11,0,2,81.6
BAGLANTI,KRITIK,5.95,9,0,1,94.2
BELIRSIZ,ORTA,6.16,4,0,1,213.3
BELIRSIZ,KRITIK,1.64,23,1,0,165.3
GUC_KESINTISI,KRITIK,2.41,20,0,1,188.5
YAZILIM,ORTA,4.98,0,0,1,88.8
DONANIM,ORTA,11.33,19,0,0,219.3
BELIRSIZ,ORTA,0.3,8,1,1,223.0
ISINMA,YUKSEK,10.84,18,1,3,148.6
ISINMA,YUKSEK,12.64,2,0,1,132.4
YAZILIM,ORTA,5.28,23,0,0,62.6
YAZILIM,ORTA,6.25,7,0,1,38.3
YAZILIM,KRITIK,7.32,9,1,0,54.3
YAZILIM,YUKSEK,13.6,20,0,2,75.3
ISINMA,KRITIK,11.04,13,0,0,84.1
ISINMA,ORTA,4.37,5,0,1,133.0
BAGLANTI,DUSUK,17.79,9,0,1,45.6
GUC_KESINTISI,KRITIK,12.67,12,0,0,113.9
BAGLANTI,ORTA,4.65,5,0,1,74.6
GUC_KESINTISI,YUKSEK,6.32,9,0,0,150.7
DONANIM,ORTA,10.83,10,0,2,106.8
BELIRSIZ,ORTA,16.87,18,0,1,127.0
YAZILIM,YUKSEK,1.04,23,0,1,69.9
ISINMA,ORTA,26.23,0,1,0,141.0
BELIRSIZ,ORTA,3.94,16,1,0,109.5
YAZILIM,YUKSEK,9.37,3,1,0,84.8
BAGLANTI,YUKSEK,0.37,4,0,2,36.3
BELIRSIZ,ORTA,19.64,3,1,1,108.2
BELIRSIZ,ORTA,45.0,23,0,0,122.8
DONANIM,ORTA,43.17,16,0,1,188.3
DONANIM,KRITIK,0.3,15,0,1,183.6
BAGLANTI,YUKSEK,37.52,11,1,1,113.1
BELIRSIZ,ORTA,7.14,1,0,0,264.0
BAGLANTI,DUSUK,2.38,21,0,2,131.5
DONANIM,YUKSEK,11.16,2,0,2,220.2
DONANIM,YUKSEK,1.37,18,1,0,136.7
GUC_KESINTISI,YUKSEK,10.95,12,0,2,93.4
YAZILIM,ORTA,0.3,5,0,0,64.4
YAZILIM,DUSUK,3.58,16,1,0,91.8
BELIRSIZ,ORTA,1.5,11,1,0,166.5
GUC_KESINTISI,ORTA,6.34,21,0,1,127.9
ISINMA,ORTA,28.28,2,0,3,103.4
YAZILIM,DUSUK,6.44,12,0,3,63.4
YAZILIM,ORTA,2.53,23,0,1,60.2
ISINMA,ORTA,0.75,6,0,0,37.5
ISINMA,KRITIK,5.01,16,0,2,96.4
BELIRSIZ,DUSUK,10.16,16,0,0,168.4
BELIRSIZ,YUKSEK,5.11,23,0,2,127.4
BELIRSIZ,DUSUK,9.7,7,0,1,119.8
ISINMA,YUKSEK,10.25,1,1,1,104.3
YAZILIM,DUSUK,7.14,15,0,0,77.9
YAZILIM,ORTA,1.68,22,0,2,32.8
YAZILIM,ORTA,2.79,11,0,1,79.2
BELIRSIZ,YUKSEK,4.67,5,0,0,136.5
GUC_KESINTISI,KRITIK,13.33,1,1,0,230.6
BELIRSIZ,ORTA,14.46,22,1,1,173.1
GUC_KESINTISI,ORTA,13.56,21,0,2,104.5
BELIRSIZ,ORTA,6.03,21,0,5,311.9
BAGLANTI,ORTA,1.28,17,0,0,75.5
DONANIM,YUKSEK,4.64,2,0,0,224.0
DONANIM,YUKSEK,6.71,22,0,1,212.3
GUC_KESINTISI,YUKSEK,23.96,6,0,0,110.8
BELIRSIZ,ORTA,6.09,7,0,0,124.3
YAZILIM,YUKSEK,5.26,14,0,0,57.6
BELIRSIZ,YUKSEK,5.48,4,0,1,100.0
BELIRSIZ,DUSUK,9.77,1,0,6,103.4
GUC_KESINTISI,KRITIK,0.87,15,0,0,89.9
YAZILIM,DUSUK,2.79,17,0,2,51.3
GUC_KESINTISI,YUKSEK,0.4,9,0,1,145.9
GUC_KESINTISI,KRITIK,16.52,12,0,2,167.0
ISINMA,ORTA,3.97,16,0,0,124.0
YAZILIM,KRITIK,11.67,22,0,0,20
GUC_KESINTISI,ORTA,4.96,5,0,1,172.9
DONANIM,ORTA,5.5,8,0,0,136.9
ISINMA,ORTA,13.64,13,1,1,127.2
ISINMA,KRITIK,4.96,3,0,1,112.0
DONANIM,YUKSEK,16.95,22,0,0,153.5
BELIRSIZ,YUKSEK,24.29,9,0,3,173.6
BELIRSIZ,ORTA,4.63,2,1,1,97.7
BAGLANTI,DUSUK,2.42,22,0,1,92.3
DONANIM,DUSUK,0.89,12,0,0,147.5
GUC_KESINTISI,DUSUK,3.04,16,0,0,121.1
ISINMA,ORTA,11.08,1,0,1,162.1
GUC_KESINTISI,KRITIK,7.33,15,0,1,144.9
BAGLANTI,KRITIK,0.3,13,0,0,45.2
YAZILIM,DUSUK,13.19,14,0,0,100.8
BELIRSIZ,DUSUK,1.77,17,0,1,142.2
DONANIM,ORTA,2.13,6,0,1,224.7
DONANIM,YUKSEK,5.63,8,0,0,177.4
BELIRSIZ,ORTA,6.0,22,0,3,140.1
BELIRSIZ,ORTA,0.67,14,0,1,128.2
DONANIM,YUKSEK,4.88,7,0,1,193.1
DONANIM,ORTA,6.52,23,1,1,250.2
YAZILIM,ORTA,0.69,1,1,1,70.5
ISINMA,ORTA,45.0,10,0,0,139.0
YAZILIM,ORTA,1.79,23,0,0,57.0
YAZILIM,ORTA,0.51,5,0,0,57.0
BAGLANTI,KRITIK,20.5,5,0,2,72.7
ISINMA,ORTA,6.15,14,0,3,132.8
ISINMA,YUKSEK,3.36,21,1,0,120.3
BAGLANTI,DUSUK,5.58,4,0,0,157.3
BELIRSIZ,ORTA,0.3,0,1,4,183.0
BELIRSIZ,YUKSEK,3.26,13,1,4,161.0
DONANIM,DUSUK,10.45,18,0,3,209.3
ISINMA,YUKSEK,30.64,19,0,0,67.9
YAZILIM,DUSUK,21.27,22,1,2,72.0
YAZILIM,KRITIK,18.1,0,0,1,52.0
BAGLANTI,YUKSEK,0.3,20,0,1,96.3
DONANIM,YUKSEK,0.3,5,0,1,202.1
ISINMA,ORTA,0.3,21,0,1,114.7
DONANIM,ORTA,1.39,4,1,3,222.9
DONANIM,YUKSEK,4.68,5,0,0,201.3
BAGLANTI,YUKSEK,8.03,4,0,1,116.6
YAZILIM,DUSUK,15.24,16,0,0,63.4
ISINMA,YUKSEK,4.68,11,0,0,82.5
GUC_KESINTISI,KRITIK,10.09,11,0,2,157.1
GUC_KESINTISI,YUKSEK,3.42,2,1,1,194.2
GUC_KESINTISI,DUSUK,2.34,5,0,2,142.8
BELIRSIZ,ORTA,30.05,17,0,0,103.6
GUC_KESINTISI,YUKSEK,13.07,8,1,0,105.3
YAZILIM,DUSUK,12.31,12,1,2,57.3
BELIRSIZ,YUKSEK,6.71,19,1,1,104.3
BELIRSIZ,ORTA,10.38,10,0,4,157.2
GUC_KESINTISI,KRITIK,0.4,21,0,0,45.1
BELIRSIZ,ORTA,17.59,10,1,1,226.3
ISINMA,YUKSEK,1.61,7,0,0,47.3
BAGLANTI,DUSUK,0.51,21,1,0,66.6
ISINMA,KRITIK,1.69,18,0,1,82.4
BAGLANTI,YUKSEK,23.49,2,0,1,79.1
DONANIM,ORTA,2.43,1,0,1,204.9
ISINMA,ORTA,4.23,10,0,0,89.1
BAGLANTI,YUKSEK,7.01,5,0,0,79.1
ISINMA,KRITIK,11.14,21,0,1,125.2
BAGLANTI,ORTA,8.99,20,0,2,53.0
GUC_KESINTISI,YUKSEK,0.3,20,0,1,150.1
BAGLANTI,YUKSEK,15.87,0,1,1,89.4
BAGLANTI,YUKSEK,1.22,4,0,0,52.4
BAGLANTI,ORTA,6.37,6,0,0,154.5
ISINMA,DUSUK,5.27,2,0,0,158.0
GUC_KESINTISI,ORTA,18.79,13,0,1,80.3
GUC_KESINTISI,ORTA,3.77,5,0,1,106.0
GUC_KESINTISI,ORTA,1.56,6,0,0,164.6
GUC_KESINTISI,YUKSEK,8.56,21,0,2,194.8
DONANIM,DUSUK,1.67,6,1,3,226.2
YAZILIM,DUSUK,0.3,16,0,1,42.6
GUC_KESINTISI,YUKSEK,3.37,21,0,2,147.1
GUC_KESINTISI,ORTA,7.11,10,0,1,164.8
BELIRSIZ,ORTA,0.58,14,1,2,108.2
BAGLANTI,KRITIK,12.25,4,0,0,63.9
BELIRSIZ,KRITIK,10.3,22,1,0,89.6
ISINMA,YUKSEK,15.65,10,1,2,121.0
YAZILIM,ORTA,11.33,13,0,2,44.6
BELIRSIZ,ORTA,2.48,7,0,1,114.3
ISINMA,DUSUK,0.68,15,0,0,178.0
BAGLANTI,DUSUK,11.03,13,0,1,101.7
ISINMA,DUSUK,9.04,3,0,2,99.2
YAZILIM,ORTA,2.68,8,1,2,71.0
GUC_KESINTISI,KRITIK,2.2,5,1,6,150.2
BELIRSIZ,ORTA,4.37,19,0,1,156.3
ISINMA,ORTA,2.3,17,0,1,105.8
ISINMA,ORTA,21.49,15,0,2,114.8
GUC_KESINTISI,ORTA,4.28,10,0,1,183.3
ISINMA,YUKSEK,11.27,10,0,2,115.0
DONANIM,ORTA,8.31,19,0,0,90.6
ISINMA,ORTA,5.46,13,0,0,89.9
BELIRSIZ,ORTA,17.5,3,0,0,248.4
DONANIM,ORTA,10.85,19,0,3,239.0
YAZILIM,DUSUK,6.92,22,1,1,119.6
YAZILIM,ORTA,1.15,22,0,1,58.1
YAZILIM,YUKSEK,2.52,19,1,0,122.4
ISINMA,KRITIK,13.1,6,0,0,63.9
YAZILIM,ORTA,0.89,2,0,1,58.4
YAZILIM,ORTA,16.44,7,0,1,47.8
ISINMA,ORTA,1.34,15,0,1,117.8
GUC_KESINTISI,ORTA,2.84,6,0,4,249.1
YAZILIM,DUSUK,1.24,1,1,1,103.0
YAZILIM,DUSUK,23.47,23,0,1,49.3
ISINMA,YUKSEK,3.11,18,0,1,102.4
DONANIM,ORTA,5.4,21,0,3,192.8
GUC_KESINTISI,ORTA,1.76,2,1,1,105.3
GUC_KESINTISI,YUKSEK,40.98,4,1,1,147.7
BELIRSIZ,DUSUK,6.09,0,0,1,141.8
DONANIM,ORTA,3.26,2,0,0,283.5
DONANIM,ORTA,6.63,10,1,1,167.1
DONANIM,YUKSEK,2.67,19,0,0,180.4
BAGLANTI,YUKSEK,6.26,22,1,0,109.8
BELIRSIZ,ORTA,3.6,22,0,0,107.5
ISINMA,YUKSEK,3.54,16,0,0,34.7
ISINMA,YUKSEK,2.86,23,0,3,238.4
BAGLANTI,YUKSEK,5.34,6,0,1,71.7
BELIRSIZ,ORTA,20.45,14,0,2,140.5
BAGLANTI,KRITIK,4.1,7,0,0,68.6
BELIRSIZ,YUKSEK,5.62,10,0,3,209.4
BAGLANTI,ORTA,17.15,22,1,1,45.9
BELIRSIZ,ORTA,5.45,9,0,2,96.8
BAGLANTI,KRITIK,6.03,13,0,1,44.4
DONANIM,ORTA,1.75,21,0,1,167.9
ISINMA,ORTA,5.99,15,0,2,124.1
GUC_KESINTISI,ORTA,16.78,11,0,1,136.2
BAGLANTI,ORTA,2.66,20,0,1,48.3
ISINMA,YUKSEK,4.56,13,1,1,171.3
BAGLANTI,DUSUK,5.1,1,0,1,156.3
BAGLANTI,YUKSEK,8.8,4,0,0,166.5
ISINMA,KRITIK,0.47,14,0,1,88.9
YAZILIM,YUKSEK,3.86,14,0,0,59.6
GUC_KESINTISI,YUKSEK,20.1,7,0,1,137.9
ISINMA,YUKSEK,3.42,7,0,1,84.3
GUC_KESINTISI,ORTA,1.61,6,1,8,256.0
BAGLANTI,YUKSEK,22.05,17,0,1,62.0
GUC_KESINTISI,YUKSEK,22.63,19,0,2,82.9
GUC_KESINTISI,ORTA,12.42,4,0,0,45.6
BAGLANTI,ORTA,15.39,1,1,0,185.7
BAGLANTI,KRITIK,3.14,8,1,0,53.0
BAGLANTI,YUKSEK,7.52,10,0,1,52.0
BAGLANTI,KRITIK,12.58,13,1,2,33.5
BAGLANTI,ORTA,7.62,20,0,3,156.7
BELIRSIZ,ORTA,6.1,5,0,6,127.1
ISINMA,KRITIK,30.5,3,1,4,179.0
BAGLANTI,DUSUK,5.13,1,1,0,199.9
BAGLANTI,YUKSEK,5.12,22,0,2,92.9
GUC_KESINTISI,YUKSEK,4.17,0,0,1,172.9
BELIRSIZ,DUSUK,0.92,12,0,2,175.5
GUC_KESINTISI,KRITIK,11.82,23,0,0,146.0
GUC_KESINTISI,YUKSEK,7.21,5,1,0,124.5
ISINMA,YUKSEK,13.38,20,0,1,91.6
BELIRSIZ,ORTA,0.93,12,0,2,105.8
YAZILIM,ORTA,10.97,19,0,0,20
DONANIM,YUKSEK,9.23,15,0,1,90.8
GUC_KESINTISI,YUKSEK,7.31,19,0,1,111.5
BAGLANTI,KRITIK,5.17,4,0,2,56.2
BELIRSIZ,DUSUK,1.61,17,0,2,211.3
BELIRSIZ,YUKSEK,2.9,0,1,0,275.2
ISINMA,DUSUK,16.62,3,1,1,251.6
DONANIM,YUKSEK,0.81,21,0,2,207.0
YAZILIM,DUSUK,7.01,10,0,3,141.5
BELIRSIZ,ORTA,18.15,13,0,1,154.4
ISINMA,DUSUK,18.07,15,0,2,217.5
BAGLANTI,DUSUK,0.3,13,1,0,154.4
ISINMA,YUKSEK,14.64,11,1,0,39.1
DONANIM,YUKSEK,0.3,5,0,0,250.4
BAGLANTI,KRITIK,0.71,16,1,0,35.0
BAGLANTI,YUKSEK,9.74,16,1,1,73.0
YAZILIM,YUKSEK,0.3,23,0,1,54.1
DONANIM,ORTA,17.18,7,0,1,203.2
YAZILIM,ORTA,0.68,14,0,1,86.5
BAGLANTI,KRITIK,2.25,12,0,0,42.0
DONANIM,YUKSEK,11.83,17,0,2,152.4
DONANIM,YUKSEK,6.81,4,0,0,113.7
BAGLANTI,ORTA,9.76,23,0,1,51.8
ISINMA,KRITIK,0.3,8,1,5,173.1
GUC_KESINTISI,KRITIK,6.7,9,0,2,126.4
YAZILIM,DUSUK,3.74,12,1,1,68.7
BAGLANTI,DUSUK,17.58,15,0,2,115.4
DONANIM,ORTA,4.8,0,0,1,202.2
BELIRSIZ,DUSUK,19.42,13,0,0,277.1
BAGLANTI,KRITIK,18.03,4,1,1,113.3
GUC_KESINTISI,YUKSEK,8.05,14,1,0,58.3
GUC_KESINTISI,KRITIK,19.05,14,1,4,123.9
GUC_KESINTISI,YUKSEK,11.59,17,0,1,99.5
DONANIM,YUKSEK,26.55,23,0,0,133.8
YAZILIM,DUSUK,8.54,5,1,0,106.5
BELIRSIZ,ORTA,1.85,17,0,1,128.4
YAZILIM,DUSUK,8.49,10,0,0,35.6
BAGLANTI,YUKSEK,14.84,3,0,4,137.2
ISINMA,YUKSEK,7.44,20,1,1,120.5
BELIRSIZ,ORTA,18.54,1,1,1,163.8
BELIRSIZ,DUSUK,14.37,2,0,2,217.8
BAGLANTI,YUKSEK,1.51,10,0,2,91.7
DONANIM,KRITIK,21.07,22,0,1,214.7
DONANIM,DUSUK,0.3,19,0,0,144.3
YAZILIM,YUKSEK,1.56,14,1,0,84.0
BAGLANTI,YUKSEK,11.92,12,0,1,65.4
YAZILIM,DUSUK,1.4,19,1,2,84.2
DONANIM,ORTA,2.71,11,0,0,179.3
BELIRSIZ,ORTA,2.73,0,0,0,211.6
ISINMA,KRITIK,8.48,6,0,0,70.8
GUC_KESINTISI,ORTA,0.85,17,0,2,69.6
DONANIM,YUKSEK,13.45,12,0,1,190.1
YAZILIM,ORTA,4.24,13,0,1,68.0
BELIRSIZ,YUKSEK,1.21,21,1,2,118.0
YAZILIM,ORTA,0.55,3,0,0,77.1
GUC_KESINTISI,KRITIK,13.95,9,0,8,131.4
BELIRSIZ,ORTA,10.67,1,0,1,175.7
BAGLANTI,KRITIK,1.91,15,0,1,55.9
ISINMA,YUKSEK,0.3,14,0,5,90.6
BELIRSIZ,KRITIK,7.52,22,0,2,213.1
ISINMA,KRITIK,5.08,5,0,2,184.9
BAGLANTI,ORTA,22.44,6,1,2,60.6
YAZILIM,DUSUK,10.67,10,1,0,66.0
ISINMA,DUSUK,11.94,15,0,3,96.3
BAGLANTI,ORTA,0.95,5,0,0,62.2
BELIRSIZ,ORTA,4.4,9,1,1,88.6
ISINMA,ORTA,3.42,21,0,1,103.7
ISINMA,ORTA,2.81,7,0,0,133.4
GUC_KESINTISI,KRITIK,4.15,11,0,1,49.5
BAGLANTI,YUKSEK,7.04,21,0,0,66.3
DONANIM,YUKSEK,6.07,11,0,0,97.8
BELIRSIZ,ORTA,2.53,18,0,2,271.7
BELIRSIZ,ORTA,7.55,15,0,1,254.4
ISINMA,DUSUK,8.57,6,0,0,124.5
BELIRSIZ,ORTA,6.15,22,0,2,216.5
BAGLANTI,ORTA,15.65,2,0,1,117.8
BELIRSIZ,DUSUK,2.39,5,0,0,128.0
BAGLANTI,ORTA,7.43,20,0,1,127.0
